release_year,metascore,app_name
1998,96,Half-Life
2006,84,Disciples II: Gallean's Return
2006,80,Disciples II: Rise of the Elves
2006,76,The Ship: Murder Party
2005,70,Advent Rising
2006,84,DEFCON
2006,NA,The Ship: Single Player
2006,NA,Garry's Mod
2006,NA,RACE - The WTCC Game
2006,NA,Zen of Sudoku
2006,69,Gumboy - Crazy Adventures‚Ñ¢
2003,81,Ghost Master¬Æ
2006,NA,Vegas: Make It Big‚Ñ¢
2006,75,Dreamfall: The Longest Journey
2006,76,FlatOut 2‚Ñ¢
2005,72,FlatOut
2007,66,Lost Planet‚Ñ¢: Extreme Condition
2006,67,CivCity: Rome
2002,77,Arx Fatalis
2000,91,The Longest Journey
2006,84,Civilization IV¬Æ: Warlords
2003,80,Railroad Tycoon 3
2006,77,Sid Meier's Railroads!
1998,89,Railroad Tycoon II Platinum
2007,NA,RIP - Trilogy‚Ñ¢
2007,83,Tomb Raider: Anniversary
2006,66,Devil May Cry¬Æ 3 Special Edition
2007,61,Vigil: Blood Bitterness‚Ñ¢
1994,83,DOOM II
2001,88,Return to Castle Wolfenstein
2003,65,BloodRayne
2007,94,QUAKE
2007,57,Genesis Rising
2007,96,BioShock‚Ñ¢
2006,86,"Warhammer¬Æ 40,000: Dawn of War¬Æ - Game of the Year Edition"
2006,87,"Warhammer¬Æ 40,000: Dawn of War¬Æ - Dark Crusade"
2004,92,Rome: Total War‚Ñ¢ - Collection
2006,79,Rome: Total War‚Ñ¢ - Alexander
2004,75,Manhunt
2003,81,Midnight Club 2
2003,86,Max Payne 2: The Fall of Max Payne
2006,82,Tomb Raider: Legend
2001,89,Max Payne
2008,82,Command & Conquer: Red Alert 3
2007,84,PuzzleQuest: Challenge of the Warlords
2007,66,Culpa Innata
2007,NA,18 Wheels of Steel: American Long Haul
2008,58,Conflict: Denied Ops
2007,74,ARMA: Combat Operations
2006,67,Tycoon City: New York
2006,66,Desperados 2: Cooper's Revenge
2007,69,Death to Spies
2006,74,Act of War: High Treason
2006,81,RollerCoaster Tycoon¬Æ 3: Platinum
2005,82,Act of War: Direct Action
2003,75,Unreal 2: The Awakening
1998,NA,Unreal Gold
2008,57,Ninja Reflex: Steamworks Edition
2003,91,Tom Clancy's Splinter Cell¬Æ
2004,89,Far Cry¬Æ
2000,92,Unreal Tournament: Game of the Year Edition
2006,85,Tom Clancy's Rainbow Six¬Æ Vegas
2005,90,Silent Hunter¬Æ III
2007,58,Rayman Raving Rabbids‚Ñ¢
2007,79,Silent Hunter¬Æ: Wolves of the Pacific
2006,86,IL-2 Sturmovik: 1946
2008,NA,Silent Hunter¬Æ: Wolves of the Pacific U-Boat Missions
2005,68,Bone: Out From Boneville
2005,NA,Midnight Outlaw: 6 Hours to SunUp
2006,76,Bone: The Great Cow Race
2008,NA,Sprint Cars Road to Knoxville
2008,NA,Dr. Daisy Pet Vet
2007,NA,Ride! Carnival Tycoon
2008,NA,Hot Dish
2007,NA,Mahjongg Investigations: Under Suspicion
2008,70,Dracula Origin
2008,NA,Beijing 2008‚Ñ¢ - The Official Video Game of the Olympic Games
2008,71,Sherlock Holmes - Nemesis
2008,NA,Eternity's Child
2007,60,Pacific Storm Allies
2008,NA,Tank Universal
2008,79,FlatOut: Ultimate Carnage
1998,NA,Oddworld: Abe's Exoddus¬Æ
1997,NA,Oddworld: Abe's Oddysee¬Æ
2008,83,GTR Evolution Expansion Pack for RACE 07
2001,65,X-COM: Enforcer
1997,NA,X-COM: Apocalypse
1993,NA,X-COM: UFO Defense
2008,75,S.T.A.L.K.E.R.: Clear Sky
2008,84,Crysis Warhead¬Æ
2007,91,Crysis
1998,NA,X-COM: Interceptor
2008,86,The Witcher: Enhanced Edition Director's Cut
2008,76,Multiwinia
2008,NA,STCC - The Game 1 - Expansion Pack for RACE 07
2008,NA,Children of the Nile: Alexandria
2008,83,Sid Meier's Civilization IV: Colonization
2003,85,Tom Clancy's Rainbow Six¬Æ 3 Gold
2008,80,LEGO Batman
2008,NA,City Life 2008
2008,65,Hinterland
2008,79,Brothers in Arms: Hell's Highway‚Ñ¢
2008,NA,Gravitron 2
2006,NA,Xpand Rally Xtreme
2006,66,Heroes of Might & Magic V: Hammers of Fate
2005,84,Brothers in Arms: Earned in Blood‚Ñ¢
2007,70,Heroes of Might & Magic V: Tribes of the East
2008,66,The Settlers¬Æ: Rise Of An Empire Gold Edition
2007,NA,Brain Spa
2002,72,The Sum of All Fears
2008,76,Peggle‚Ñ¢ Nights
2008,90,World of Goo
2008,73,X3: Terran Conflict
2008,NA,Spectraball
2008,NA,Galactic Bowling
2008,72,Bully: Scholarship Edition
2008,85,Far Cry¬Æ 2: Fortune's Edition
2008,NA,Space Trader: Merchant Marine
2009,72,Saints Row 2
2008,86,Dead Space
2008,59,Rise of the Argonauts
2009,81,Mirror's Edge‚Ñ¢
2008,81,Defense Grid: The Awakening
2009,79,F.E.A.R. 2: Project Origin
2008,NA,Harvest: Massive Encounter
2009,64,Larva Mortus
2005,77,Knights of Honor
2009,73,Ceville
2009,61,Watchmen: The End is Nigh
2007,73,Penumbra Overture
2007,83,Unreal Tournament 3 Black
2009,75,Drakensang
2009,NA,Age of Booty‚Ñ¢
2009,87,Burnout Paradise: The Ultimate Box
2009,75,The Maw
2009,NA,Escape Rosecliff Island
2006,84,Guild Wars Nightfall
2005,89,Guild Wars
2006,84,Guild Wars Factions
2009,NA,Puzzle Kingdoms
2009,NA,Samantha Swift and the Golden Touch
2009,65,Two Worlds Epic Edition
2009,65,Helldorado
2009,54,X-Blades
2009,77,Zeno Clash
2008,79,King's Bounty: The Legend
2009,53,Death Track¬Æ: Resurrection
2005,NA,Freedom Force vs. the Third Reich
2002,90,Freedom Force
2009,66,Light of Altair
2009,79,Prototype‚Ñ¢
2009,68,Blueberry Garden
2004,75,Port Royale 2
2006,76,Call of Cthulhu¬Æ: Dark Corners of the Earth
2007,94,The Elder Scrolls IV: Oblivion¬Æ Game of the Year Edition
2002,89,The Elder Scrolls III: Morrowind¬Æ Game of the Year Edition
2009,94,The Elder Scrolls IV: Oblivion¬Æ Game of the Year Edition Deluxe
2007,NA,Ankh 2: Heart of Osiris
2008,NA,BC Kings
2009,78,Call of Juarez¬Æ: Bound in Blood
2007,79,Nancy Drew¬Æ: Legend of the Crystal Skull
2006,68,Nancy Drew¬Æ: The Creature of Kapu Cave
2008,69,Nancy Drew¬Æ: The Phantom of Venice
2007,73,Nancy Drew¬Æ: The White Wolf of Icicle Creek
2009,79,Tales of Monkey Island Complete Pack
2009,91,Street Fighter¬Æ IV
2007,70,Thrillville¬Æ: Off the Rails‚Ñ¢
2003,78,Armed and Dangerous¬Æ
2005,78,"Star Wars: Battlefront 2 (Classic, 2005)"
2008,78,LEGO¬Æ Indiana Jones‚Ñ¢: The Original Adventures
2009,86,The Secret of Monkey Island: Special Edition
2009,51,Clutch
2009,78,Nancy Drew¬Æ: Ransom of the Seven Ships
2006,NA,3D Ultra‚Ñ¢ Minigolf Adventures
2007,71,TimeShift‚Ñ¢
2008,86,Bionic Commando: Rearmed
2009,69,Bionic Commando
2009,44,Watchmen: The End is Nigh Part 2
2009,80,Osmos
1998,86,Fallout 2: A Post Nuclear Role Playing Game
2001,82,Fallout Tactics: Brotherhood of Steel
2000,89,Sacrifice
2009,84,"Time Gentlemen, Please! and Ben There, Dan That! Special Edition  Double Pack"
2005,92,Tom Clancy's Splinter Cell Chaos Theory¬Æ
2009,74,Mini Ninjas
2009,77,Risen
2009,85,Machinarium
2007,78,Medal of Honor: Airborne
2009,83,Need for Speed: Shift
2009,83,Torchlight
2009,63,East India Company: Privateer
2009,38,Painkiller: Resurrection
2009,80,SpellForce 2 - Anniversary Edition
2009,76,Rush for Berlin Gold
2009,77,Men of War: Red Tide
2009,74,SpellForce - Platinum Edition
2003,77,Massive Assault
2009,77,Nancy Drew¬Æ Dossier: Resorting to Danger!
2009,68,Serious Sam HD: The First Encounter
2009,64,Secret Files 2: Puritas Cordis
2009,91,Dragon Age: Origins
2009,86,Call of Duty¬Æ: Modern Warfare¬Æ 2
2009,77,LEGO¬Æ Star Wars‚Ñ¢ - The Complete Saga
2007,81,Overlord‚Ñ¢
2007,85,Command & Conquer 3: Tiberium Wars
2009,77,Command & Conquer 3: Kane's Wrath
2009,72,Gratuitous Space Battles
2009,78,Wings of Prey
2005,70,The Bard's Tale
2009,65,STAR WARS‚Ñ¢ - The Force Unleashed‚Ñ¢ Ultimate Sith Edition
2009,86,Europa Universalis III: Heir to the Throne
2009,91,Fallout 3: Game of the Year Edition
2009,72,Roogoo
2008,78,Devil May Cry 4
2010,68,Avencast: Rise of the Mage
2010,68,UFO: Extraterrestrials Gold
2010,66,LEGO¬Æ Indiana Jones‚Ñ¢ 2: The Adventure Continues
2010,57,Vancouver 2010‚Ñ¢ - The Official Video Game of the Olympic Winter Games
2001,87,Serious Sam Classic: The First Encounter
2010,78,Mount & Blade: Warband
2010,76,Plain Sight
2010,70,Lead and Gold: Gangs of the Wild West
2010,70,Beat Hazard
2010,53,M.U.D. TV
2010,79,The Misadventures of P.B. Winterbottom
2003,59,AquaNox 2: Revelation
2001,67,AquaNox
2008,59,Iron Grip: Warlord
2010,63,Rocket Knight
2010,72,Alpha Protocol‚Ñ¢
2010,64,Alien Breed: Impact
2010,77,Alien Swarm
2010,56,Disciples III - Renaissance Steam Special Edition
2010,75,Tidalis
2010,61,Razor2: Hidden Skies
2010,66,Kane & Lynch 2: Dog Days
2010,56,The Guild II Renaissance
2010,67,Fantasy Wars
2011,77,Mafia II
2010,83,Puzzle Quest 2
2010,72,Burn Zombie Burn!
2010,49,Ship Simulator Extremes
2010,79,Worms Reloaded
2010,38,Making History II: The War of the World
2010,75,Victoria II
2002,60,Cossacks: Back to War
2010,81,VVVVVV
2010,85,Amnesia: The Dark Descent
2010,82,Recettear: An Item Shop's Tale
2010,66,Patrician IV - Steam Special Edition
2010,78,King's Bounty: Crossworlds
2010,90,Sid Meier's Civilization¬Æ V
2002,85,Serious Sam Classic: The Second Encounter
2010,52,Blade Kitten
2010,63,Alien Breed 2: Assault
2010,83,Darksiders‚Ñ¢
1999,67,X: Beyond the Frontier
2010,71,The Kings' Crusade
2007,79,Guild Wars: Eye of the North¬Æ
2010,86,Age of Wonders II: The Wizard's Throne
2010,82,Age of Wonders Shadow Magic
2010,72,Medal of Honor‚Ñ¢
2010,65,Grotesque Tactics: Evil Heroes
2010,63,Lost Planet¬Æ 2
2010,62,Doc Clock: The Toasted Sandwich of Time
2010,84,Fallout: New Vegas
2010,80,Nimbus
2010,77,DeathSpank
2010,67,Shank
2010,68,The Ball
2010,59,STAR WARS‚Ñ¢: The Force Unleashed‚Ñ¢ II
2010,75,Patrician III
2010,63,Alternativa
2010,81,Call of Duty¬Æ: Black Ops
2010,74,Back to the Future: The Game
2002,93,Grand Theft Auto III
2005,93,Grand Theft Auto: San Andreas
2003,94,Grand Theft Auto: Vice City
2011,72,Zeit¬≤
2011,68,A.R.E.S.: Extinction Agenda
2011,48,APOX
2011,87,Dead Space‚Ñ¢ 2
2011,69,Kaptain Brawe: A Brawe New World
2011,82,Monday Night Combat
2009,86,The Sims‚Ñ¢ 3
2009,81,The Sims‚Ñ¢ 3 World Adventures
2010,74,The Sims‚Ñ¢ 3 Late Night
2010,74,The Sims‚Ñ¢ 3 Ambitions
2011,76,Who's That Flying?!
2011,76,Two Worlds II HD
2011,71,YOU DON‚ÄôT KNOW JACK¬Æ
2011,72,Test Drive Unlimited 2
2011,65,DUNGEONS - Steam Special Edition
2011,77,RISK‚Ñ¢: Factions
2011,70,Homefront
2011,70,Fate of the World
2013,84,RIFT
2011,34,Shadow Harvest: Phantom Ops
2011,80,Anomaly: Warzone Earth
2010,66,Armada 2526
2011,81,Darkest Hour: A Hearts of Iron Game
2011,53,Dino D-Day
2011,67,Patrician IV: Rise of a Dynasty
2011,95,Portal 2
2011,70,Sanctum
2011,85,Frozen Synapse
2011,61,Hunted: The Demon‚Äôs Forge‚Ñ¢
2011,77,Hamilton's Great Adventure
2011,70,The Sims‚Ñ¢ 3 Generations
2011,43,Ghostbusters: Sanctum of Slime Challenge Pack DLC
2009,67,Still Life 2
2005,75,Still Life
2011,72,Dungeon Siege III
2011,54,Duke Nukem Forever
2009,72,Champions Online
2011,64,Spiral Knights
2011,77,Magic: The Gathering - Duels of the Planeswalkers 2012
2011,72,Solar 2
2011,74,F.E.A.R. 3
2011,63,Puzzle Agent 2
2011,75,Tobe's Vertical Adventure
2011,60,IL-2 Sturmovik: Cliffs of Dover
2011,69,Runespell: Overture
2011,78,Tropico 4
2011,74,EDGE
2011,74,Space Pirates and Zombies
2011,57,Fallout New Vegas¬Æ: Lonesome Road‚Ñ¢
2011,63,The Baconing
2011,74,"Warhammer 40,000: Space Marine"
2011,68,Men of War: Vietnam
2012,73,Hard Reset Extended Edition
2011,74,Rock of Ages
2011,76,Red Orchestra 2: Heroes of Stalingrad with Rising Storm
2011,51,Call of Juarez¬Æ: The Cartel
2011,70,Sengoku
2011,78,Two Worlds II - Pirates of the Flying Fortress
2011,77,Might & Magic: Heroes VI
2011,81,Supreme Commander: Forged Alliance
2011,84,The Binding of Isaac
2011,60,Off-Road Drive
2007,86,Supreme Commander
2011,70,Fate of the World: Tipping Point
2011,55,Sniper: Ghost Warrior - Second Strike
2011,65,Air Conflicts: Secret Wars
2011,66,Dead Rising 2: Off the Record
2011,63,Disciples III - Resurrection
2011,79,The Sims‚Ñ¢ 3 Pets
2011,64,Serious Sam: The Random Encounter
2011,70,Before the Echo
2011,57,Airline Tycoon 2
2011,51,The Haunted: Hells Reach
2011,72,DC Universe‚Ñ¢ Online
2011,84,Saints Row: The Third Initiation Station
2011,77,Sonic Generations Collection
2011,83,L.A. Noire
2011,73,SkyDrift
2011,92,Galactic Civilizations¬Æ II: Ultimate Edition
2011,69,Earth Defense Force: Insect Armageddon
2011,75,X3: Albion Prelude
2013,84,Trine 2: Complete Story
2011,83,Fable - The Lost Chapters
2012,67,Oil Rush
2012,66,King Arthur II: The Role-Playing Wargame
2005,74,Serious Sam 2
2010,76,Star Trek Online
2012,62,Jagged Alliance - Back in Action
2012,62,Pineapple Smash Crew
2012,76,Victoria II: A House Divided
2012,81,PixelJunk‚Ñ¢ Eden
2012,82,Crusader Kings II
2012,83,Alan Wake
2011,24,Postal III
2012,46,Starpoint Gemini
2012,82,Realm of the Mad God
2012,86,Rayman¬Æ Origins
2012,38,Painkiller: Recurring Evil
2012,81,Vessel
2012,80,Stacking
2012,81,Wizorb
2012,58,Defenders of Ardania
2012,74,Cubemen
2012,80,Myst V
2012,73,Ys: The Oath in Felghana
2012,81,Waveform
2012,86,Total War: Shogun 2 - Fall of the Samurai
2012,78,Tropico 4: Modern Times
2012,72,Ridge Racer‚Ñ¢ Unbounded
2012,51,Confrontation
2012,69,Risen 2: Dark Waters
2012,68,Binary Domain
2012,62,Analogue: A Hate Story
2012,71,Toy Soldiers
2010,76,Serious Sam HD: The Second Encounter
2012,48,Resident Evil: Operation Raccoon City
2012,69,Gratuitous Tank Battles
2012,76,Ys Origin
2012,87,Max Payne 3
2012,86,The Lord of the Rings Online‚Ñ¢
2012,70,Splice
2012,52,Krater
2012,76,Vindictus
2012,75,The Dark Eye: Chains of Satinav
2012,71,Tom Clancy's Ghost Recon: Future Soldier‚Ñ¢
2012,77,Quantum Conundrum
2012,86,Tribes: Ascend
2002,81,Divine Divinity
2012,73,MDK2 HD
2012,82,The Book of Unwritten Tales
2012,65,A Virus Named TOM
2012,75,Hero Academy
2012,75,Iron Brigade
2012,83,Counter-Strike: Global Offensive
2005,85,STAR WARS‚Ñ¢ Knights of the Old Republic‚Ñ¢ II - The Sith Lords‚Ñ¢
2010,76,Din's Curse
2012,78,Closure
2012,91,Batman: Arkham City - Game of the Year Edition
2011,81,To the Moon
2012,80,Intrusion 2
2012,73,The Testament of Sherlock Holmes
2012,44,Cortex Command
2012,74,Rocketbirds: Hardboiled Chicken
2012,78,Rocksmith‚Ñ¢
2012,75,Edna & Harvey: Harvey's New Eyes
2012,84,Unity of Command: Stalingrad Campaign
2012,67,Primal Carnage
2012,77,Giana Sisters: Twisted Dreams
2012,60,A Game of Dwarves
2012,85,Hotline Miami
2012,64,Guns of Icarus Online
2006,78,Condemned: Criminal Origins
2004,73,Beyond Divinity
2003,59,POSTAL 2
2012,62,F1 RACE STARS‚Ñ¢
2012,78,Chaos on Deponia
2012,53,Gemini Wars
2012,77,Sine Mora
2012,80,Fly'N
2012,66,Memento Mori
2012,74,Call of Duty¬Æ: Black Ops II
2012,76,Miasmata
2012,80,Stealth Bastard Deluxe
2005,84,GT Legends
2012,73,The Book of Unwritten Tales: The Critter Chronicles
2012,72,Primordia
2003,70,Legacy of Kain: Defiance
2001,77,Legacy of Kain: Soul Reaver 2
2012,72,A New Beginning - Final Cut
2013,73,Fieldrunners 2
2013,66,Strike Suit Zero
2013,68,The Cave
2013,77,Ace Combat Assault Horizon - Enhanced Edition
2013,85,DmC: Devil May Cry
2013,70,Retrovirus
2013,79,Super House of Dead Ninjas
2013,68,A Valley Without Wind 2
2013,71,March of the Eagles
2013,74,Incredipede
2013,85,Trials Evolution: Gold Edition
1997,56,POSTAL
2013,69,Resident Evil 6 / Biohazard 6
2013,75,Anodyne
2013,61,Evoland
2013,52,Lords of Football
2013,79,Sang-Froid - Tales of Werewolves
2013,68,Cubemen 2
2013,70,Papo & Yo
2013,71,Surgeon Simulator
2013,58,God Mode
2013,74,Eador. Masters of the Broken World
2013,59,Mars: War Logs
2013,75,Poker Night 2
2013,61,StarDrive
2013,77,Sanctum 2
2013,75,Reus
2013,49,Bad Bots
2013,77,Resident Evil Revelations / Biohazard Revelations
2013,88,Expansion - Crusader Kings II: The Old Gods
2013,65,Remember Me
2013,58,Prime World: Defenders
2013,87,Borderlands 2: Tiny Tina's Assault on Dragon Keep
2013,80,Company of Heroes 2
2013,78,The Walking Dead: 400 Days
2013,41,DARK
2013,79,TrackMania¬≤ Valley
2013,74,BIT.TRIP FATE
2013,74,The Raven - Legacy of a Master Thief
2013,67,Ittle Dew
2013,76,Shadowrun Returns
2013,20,Citadels
2013,73,CastleStorm
2013,72,Skulls of the Shogun
2013,69,BioShock Infinite: Clash in the Clouds
2013,67,Rise of the Triad
2013,67,Cloudberry Kingdom‚Ñ¢
2013,86,Saints Row IV: Inauguration Station
2013,75,Beatbuddy: Tale of the Guardians
2012,64,Inquisitor
2013,80,Dishonored: The Brigmore Witches
2013,66,DuckTales: Remastered
2013,73,Worms Clan Wars
2013,58,Space Hulk
2013,72,PixelJunk‚Ñ¢ Monsters Ultimate
2015,79,Assault Android Cactus
2013,69,Shelter
2013,71,Lilly Looking Through
2014,56,BeatBlasters III
2013,68,Game Dev Tycoon
2013,56,Guardians of Middle-earth
2013,80,Outlast
2013,73,MirrorMoon EP
2013,77,Rise of Flight: Ace Pack
2013,63,Dragon's Prophet
2013,69,Ironclad Tactics
2013,69,Foul Play
2013,77,Angry Video Game Nerd Adventures
2013,58,Urban Trial Freestyle
2013,68,Scribblenauts Unmasked: A DC Comics Adventure
2013,52,Alien Rage - Unlimited
2001,86,Startopia
2013,88,The Stanley Parable
2013,78,Soundodger+
2013,85,The Wolf Among Us
2013,80,140
2001,77,Anachronox
2013,59,Face Noir
2013,68,Space Rangers HD: A War Apart
2013,80,Goodbye Deponia
2013,91,Deus Ex: Human Revolution - Director's Cut
2013,62,Contagion
2014,65,Blood of the Werewolf
2013,65,Slender: The Arrival
2013,59,Master Reboot
2013,66,Alone in the Dark: The New Nightmare
2008,55,Alone in the Dark
2013,59,Deadly Premonition: The Director's Cut
2013,79,State of Decay
2013,81,King Arthur's Gold
2013,82,Desktop Dungeons
2013,67,A Walk in the Dark
2013,49,Adventure Park
2013,77,Risk of Rain
2013,67,Long Live The Queen
2013,68,Rain Blood Chronicles: Mirage
2013,73,PixelJunk‚Ñ¢ Shooter
2013,86,XCOM: Enemy Within
2013,61,Signal Ops
2013,77,Expansion - Crusader Kings II: Sons of Abraham
2013,75,Ring Runner: Flight of the Sages
2013,39,Montague's Mount
2001,78,Desperados: Wanted Dead or Alive
1997,82,The Last Express Gold Edition
2004,66,Dark Fall 2: Lights Out
2002,68,Dark Fall: The Journal
2013,55,Darkout
2012,81,The Cat Lady
2013,66,Oozi: Earth Adventure
2013,74,Neverwinter
2014,74,Particulars
2005,80,FATE
2006,69,Marc Eck≈ç's Getting Up: Contents Under Pressure
2005,64,Cold War
2014,66,CONSORTIUM
2014,81,Nidhogg
2014,55,Humans Must Answer
2014,74,Insurgency
2013,73,Paper Sorcerer
2014,74,Our Darker Purpose
2014,58,The Castle Doctrine
2001,80,Hostile Waters: Antaeus Rising
2014,77,rymdkapsel
2014,69,Octodad: Dadliest Catch
2014,45,Agarest: Generations of War
2014,66,NaissanceE
2014,67,Eschalon: Book III
2014,84,Ikaruga
2013,66,The Yawhg
2014,58,Castlevania: Lords of Shadow 2
2014,51,Talisman: Digital Edition
2014,53,Windforge
2014,62,Dominique Pamplemousse
2014,87,TowerFall Ascension
2014,60,Constant C
2014,45,Deus Ex: The Fall
2014,80,LUFTRAUSERS
2014,80,BioShock Infinite: Burial at Sea - Episode Two
2014,72,Cloudbuilt
2014,76,Mercenary Kings
2011,71,Black Mirror II
2004,52,Marine Sharpshooter II: Jungle Warfare
2004,77,Perimeter
2006,54,El Matador
2014,77,Actual Sunlight
2013,61,Oknytt
2014,79,Half Minute Hero: The Second Coming
1996,53,Harvester
2014,70,Halo: Spartan Assault
2014,67,Dracula: The Resurrection
2004,35,Konung 2
2003,65,RC Cars
2002,73,Warrior Kings
2014,70,Nostradamus: The Last Prophecy
2006,41,Brigade E5: New Jagged Union
2014,56,Croixleur Sigma
2014,57,Jet Car Stunts
2014,72,Full Bore
2014,56,Croixleur Sigma Demo
2003,64,Warrior Kings: Battles
2014,72,Blade Symphony
2014,72,The Last Tinker‚Ñ¢: City of Colors
2014,55,DreadOut
2014,85,BattleBlock Theater¬Æ
2008,67,Rhiannon: Curse of the Four Branches
2014,72,Qbeh-1: The Atlas Cube
2014,68,Men of War: Assault Squad 2
2006,72,Perimeter: Emperor's Testament
2014,75,Tropico 5
2014,84,Expansion - Europa Universalis IV: Wealth of Nations
2014,70,Anomaly Defenders
2014,74,Where is my Heart?
2014,76,The Fall
2014,70,Richard & Alice
2014,57,Nether: Resurrected
2014,59,Lifeless Planet Premier Edition
2014,68,Munin
2014,52,Enemy Front
2014,77,Xenonauts
2003,65,Black Mirror I
2014,76,MotoGP‚Ñ¢14
2014,80,Company of Heroes 2 - The Western Front Armies
2014,87,Divinity: Original Sin (Classic)
2014,62,Warface
2014,72,MouseCraft
2014,79,Expansion - Europa Universalis IV: Res Publica
2014,60,Magic 2015 - Duels of the Planeswalkers
2014,63,Rulers of Nations
2001,66,The Cameron Files: The Secret at Loch Ness
2014,82,Sokobond
2014,83,Freedom Planet
2014,70,Vertical Drop Heroes HD
2014,73,The Room
2014,85,The Legend of Heroes: Trails in the Sky
2014,57,Sacred 3
2014,78,GRID Autosport - Coup√© Style Pack
2014,75,Road Not Taken
2014,59,Orbital Gear
2004,63,Echelon: Wind Warriors
2014,56,Mega Coin Squad
2014,80,Guacamelee! Super Turbo Championship Edition
2014,68,Shadowgate (2014)
2003,63,Curse: The Eye of Isis
2014,80,Super Time Force Ultra
2014,78,The Journey Down: Chapter Two
2014,76,Metro: Last Light Redux
2014,69,Lichdom: Battlemage
2013,60,How to Survive
2014,76,GoD Factory: Wingmen
2014,69,Minimum
2014,61,NARUTO SHIPPUDEN: Ultimate Ninja STORM Revolution
2014,82,Endless Legend‚Ñ¢
2014,76,WAKFU
2014,72,Heavy Bullets
2006,54,Battle Of Europe
2014,82,Age of Wonders III - Golden Realms Expansion
2014,87,Wasteland 2: Director's Cut
2014,65,Stronghold Crusader 2
2014,81,DG2: Defense Grid 2
2014,73,Pier Solar and the Great Architects
2014,77,Sherlock Holmes: Crimes and Punishments
2014,84,Middle-earth: Shadow of Mordor - GOTY Edition Upgrade
2014,66,Silence of the Sleep
2014,63,Qora
2009,61,Disney G-Force
2014,71,Styx: Master of Shadows
2014,68,Costume Quest 2
2003,84,Tron 2.0
2017,71,Drifting Lands
2014,68,The Evil Within
2014,84,Ultimate General: Gettysburg
2014,61,F1 2014
2014,71,Screencheat
2014,49,Spacebase DF-9
2014,66,BlazeRush
2014,64,Farming Simulator 15
2014,55,Defenders of Time
2014,70,Crowntakers
2014,66,A Bird Story
2014,69,Toybox Turbos
2014,72,Space Hulk Ascension
2014,76,Chariot
2014,57,Randal's Monday
2014,63,Sneaky Sneaky
2014,81,Company of Heroes 2 - Ardennes Assault
2014,80,Far Cry¬Æ 4
2014,55,The Blue Flamingo
2014,52,Escape Dead Island
2014,73,Letter Quest: Grimm's Journey
2014,68,The Witcher Adventure Game
2014,78,Joe Dever's Lone Wolf HD Remastered
2014,65,JUJU
2014,78,LISA
2014,68,Metrocide
2014,59,Dead Effect
2014,80,METAL GEAR SOLID V: GROUND ZEROES
2016,84,SpeedRunners
2015,61,Disorder
2015,78,Avernum 2: Crystal Souls
2015,57,Tengami
2015,49,TRISTOY
2015,82,Resident Evil / biohazard HD REMASTER
2015,77,Grey Goo
2009,61,Venetica - Gold Edition
2015,66,Ghost Pirates of Vooju Island
2015,77,Pix the Cat
2015,76,Overture
2015,78,Apotheon
2015,81,SUNLESS SEA
2015,78,Hand of Fate
2015,66,Hot Tin Roof: The Cat That Wore A Fedora
2015,66,Oscura: Lost Light
2015,87,Oddworld: New 'n' Tasty
2015,86,Homeworld Remastered Collection
2015,70,Shiftlings
2015,68,White Night
2015,67,ARMED SEVEN
2015,58,Shelter 2
2015,64,Sid Meier's Starships
2015,74,Oceanhorn: Monster of Uncharted Seas
2015,55,Woolfe - The Red Hood Diaries
2015,62,Etherium
2001,80,The Corporate Machine
2015,75,Ironcast
2015,80,ArcheAge
2005,70,The Moment of Silence
2015,68,RIDE
2015,74,A Pixel Story
2015,69,Bloodsports.TV
2015,68,Paperbound
2010,63,15 Days
2015,79,DARK SOULS‚Ñ¢ II: Scholar of the First Sin
2015,65,War for the Overworld
2008,70,Overclocked: A History of Violence
2015,59,Blue Estate The Game
2015,70,Lakeview Cabin Collection
2015,70,Dead Synchronicity: Tomorrow Comes Today
2015,66,Albedo: Eyes from Outer Space
2015,68,The Charnel House Trilogy
2015,65,"Slow Down, Bull"
2015,72,Convoy
2015,76,JumpJet Rex
2015,81,Kalimba
2015,87,Crypt of the NecroDancer
2004,56,Fair Strike
2015,70,Dungeons 2
2015,77,TERA
2015,47,Karmaflow: The Rock Opera Videogame - Act I & Act II
2014,63,Vertiginous Golf
2015,68,Inside My Radio
2015,74,Action Henk
2015,61,Windward
2015,81,Galactic Civilizations III
2015,62,NEON STRUCT
2015,64,The Incredible Adventures of Van Helsing III
2015,79,BADLAND: Game of the Year Edition
2015,85,Crimzon Clover WORLD IGNITION - Superplay Strategy Guide
2015,85,Crimzon Clover WORLD IGNITION - Arcade Poster Pack
2015,85,Crimzon Clover WORLD IGNITION - Arranged Sound Track
2015,73,0RBITALIS
2015,72,Homesick
2015,66,The Detail Episode 2 - From The Ashes
2015,73,MASSIVE CHALICE
2015,43,Hatred
2015,71,You Must Build A Boat
2015,82,Duck Game
2015,68,The Masterplan
2015,72,LEGO¬Æ Jurassic World
2015,86,Rocket League¬Æ
2015,61,F1 2015
2016,85,Chime Sharp
2015,69,Holy Potatoes! A Weapon Shop?!
2015,80,Card Hunter
2015,51,Five Nights at Freddy's 4
2015,65,Cradle
2015,75,Victor Vran ARPG
2015,43,ENKI
2008,61,SAGA
2015,66,Fairy Fencer F
2015,68,INK
2015,70,Shadow Blade: Reload
2015,82,OlliOlli2: Welcome to Olliwood
2015,82,Hacknet
2015,58,Bard's Gold
2015,69,FINAL FANTASY TYPE-0‚Ñ¢ HD
2015,65,ZOMBI
2015,68,Warlocks vs Shadows
2015,46,Viridi
2015,55,Gryphon Knight Epic
2015,58,DiscStorm
2007,55,Hard to Be a God
2015,66,Planet of the Eyes
2015,49,Corpse of Discovery
2015,70,Fran Bow
2015,72,Big Pharma
2015,55,Calvino Noir
2015,53,Red Goddess: Inner World
2015,73,Mad Max
2015,70,NOBUNAGA'S AMBITION: Sphere of Influence
2015,91,METAL GEAR SOLID V: THE PHANTOM PAIN
2015,83,SMITE¬Æ
2015,68,Master Spy
2015,75,Ravenmark: Scourge of Estellion
2015,80,Dropsy
2015,92,Undertale
2015,69,Train Valley
2009,NA,Train Simulator
2015,40,I Can't Escape: Darkness
2015,79,STASIS Deluxe Edition Upgrade
2015,84,SOMA
2015,79,Jotun: Valhalla Edition
2015,57,Armikrog
2015,83,Prison Architect
2015,68,Masochisia
2015,81,Downwell
2015,78,Mushroom 11
2015,83,Broforce
2015,74,"Warhammer 40,000: Deathwatch - Enhanced Edition"
2015,77,Tales of Zestiria
2015,47,COAST GUARD
2015,74,Kingdom: Classic
2015,67,The Park
2015,94,Divinity: Original Sin - Enhanced Edition
2015,84,Bulb Boy
2015,85,The Binding of Isaac: Afterbirth
2015,72,Anno 2205‚Ñ¢
2015,73,Call of Duty¬Æ: Black Ops III
2015,79,The Incredible Adventures of Van Helsing: Final Cut
2015,82,Kero Blaster
2015,63,Life is Feudal: Your Own
2015,74,Mordheim: City of the Damned
2015,69,Mayan Death Robots
2015,66,FIVE: Guardians of David
2015,68,FIM Speedway Grand Prix 15
2015,74,Just Cause‚Ñ¢ 3
2015,69,Valhalla Hills
2015,80,DARIUSBURST Chronicle Saviours
2015,84,GUILTY GEAR Xrd -SIGN-
2015,66,Knee Deep Demo
2015,54,Hatoful Boyfriend: Holiday Star
2016,73,Punch Club
2016,54,The Great Escape
2016,61,Tharsis
2016,78,"That Dragon, Cancer"
2016,80,Oxenfree
2016,81,Dragon's Dogma: Dark Arisen
2016,75,Drawn‚Ñ¢: Dark Flight
2016,79,Homeworld: Deserts of Kharak
2016,87,The Witness
2016,63,Spellweaver
2016,79,Dying Light: The Following
2016,75,Downfall
2004,71,Men of Valor
2016,54,The Preposterous Awesomeness of Everything
2016,40,Doors
2016,68,Defragmented
2016,58,ZHEROS
2016,72,Layers of Fear
2016,74,Street Fighter V
2016,64,Californium
2016,43,Prospekt
2016,59,No Pineapple Left Behind
2016,78,Dungelot: Shattered Lands
2016,82,Danganronpa: Trigger Happy Havoc
2016,73,The Flame in the Flood
2016,72,Hitman GO: Definitive Edition
2016,53,Shadwen
2016,74,Disgaea PC / È≠îÁïåÊà¶Ë®ò„Éá„Ç£„Çπ„Ç¨„Ç§„Ç¢ PC
2016,82,SUPERHOT
2016,78,The Count Lucanor
2016,68,The Guest
2016,82,Momodora: Reverie Under The Moonlight
2003,58,Highland Warriors
2016,40,Alekhine's Gun
2016,63,Obscuritas
2016,81,Nelly Cootalot: The Fowl Fleet
2016,66,Zombasite
2016,80,Samorost 3
2016,84,Hyper Light Drifter
2016,73,The Minims
2015,74,Anna's Quest
2016,67,Good Robot
2016,80,DARIUSBURST Chronicle Saviours - Space Harrier
2016,80,DARIUSBURST Chronicle Saviours - Fantasy Zone
2016,80,DARIUSBURST Chronicle Saviours - Galaxy Force II
2016,53,Code of Princess
2016,72,LOUD on Planet X
2005,55,Saw
2016,71,Corpse Party
2016,58,Cornerstone: The Song of Tyrim
2016,70,Wailing Heights
2016,88,Ori and the Blind Forest: Definitive Edition
2016,78,Offworld Trading Company
2016,52,Back in 1995
2016,59,N.E.R.O.: Nothing Ever Remains Obscure
2016,77,Kathy Rain
2016,69,Fragments of Him
2016,69,Battleborn
2016,69,TransOcean 2: Rivals
2016,57,Goliath
2016,54,Homefront¬Æ: The Revolution
2016,84,Salt and Sanctuary
2016,71,Overfall
2016,83,Duskers
2016,55,OmniBus
2016,53,Planar Conquest
2016,73,Turmoil
2016,65,Sherlock Holmes: The Devil's Daughter
2016,54,Trials of the Blood Dragon
2016,82,BLACKHOLE: Challenge Vault
2016,82,WildStar: Captain's Pack
2016,82,WildStar: Cute & Cuddly Pack
2016,76,Furi
2016,78,The Lion's Song: Episode 1 - Silence
2016,61,Fossil Echo
2016,82,VIDEOBALL
2016,76,Muv-Luv
2016,79,EARTH DEFENSE FORCE 4.1 The Shadow of New Despair
2016,36,Ian's Eyes
2016,79,Kelvin and the Infamous Machine
2016,46,DreamBreak
2003,65,Journey to the Center of the Earth
2016,64,8DAYS - PEACE IS OUR BUSINESS
2016,81,Starbound
2016,70,Human: Fall Flat
2016,78,Lovely Planet Arcade
2016,74,Headlander
2016,62,Little King's Story
2016,75,Road to Ballhalla
2016,67,The Silver Case
2016,55,Ray Gigant
2016,77,Reigns
2016,71,Grow Up
2016,86,F1 2016
2016,79,Worms W.M.D
2016,83,Deus Ex: Mankind Divided
1999,80,"Gabriel Knight¬Æ 3: Blood of the Sacred, Blood of the Damned"
2006,74,Caesar‚Ñ¢ IV
2016,79,Hue
2016,74,The Turing Test
2016,73,Talent Not Included
2016,76,The Final Station
2016,70,The Warlock of Firetop Mountain
2016,71,Halcyon 6: Starbase Commander
2016,57,The Bunker
2016,63,Wheels of Aurelia
2016,80,Seraph
2016,57,Zenith
2016,90,NBA 2K17
2016,79,Fractured Space
2016,71,Klang
2016,72,Lichtspeer
2016,76,Clustertruck
2016,78,Sunless Sea - Zubmariner
2016,71,Mantis Burn Racing¬Æ
2016,81,GoNNER
2016,71,Crazy Machines 3
2016,77,Orwell: Keeping an Eye On You
2016,88,Sid Meier‚Äôs Civilization¬Æ VI
2016,69,Farming Simulator 17
2016,83,Slayaway Camp
2016,64,Oh...Sir!! The Insult Simulator
2016,74,The Elder Scrolls V: Skyrim Special Edition
2016,80,Football Manager 2017
2016,75,Beholder
2016,74,Yesterday Origins
2016,75,Silence
2016,80,Candle
2016,68,Don't open the doors!
2016,84,ICEY
2016,75,Killing Floor 2
2016,80,Cities: Skylines - Natural Disasters
2016,61,The Dwarves
2016,72,Steep‚Ñ¢
2016,67,Dungeon Souls
2016,60,Her Majesty's SPIFFING
2016,71,Hearts of Iron IV: Together for Victory
2017,74,Milkmaid of the Milky Way
2001,80,Conquest: Frontier Wars
2017,75,Stars in Shadow
2017,64,SpiritSphere
2017,83,RESIDENT EVIL 7 biohazard / BIOHAZARD 7 resident evil
2017,58,Memoranda
2001,56,Deadly Dozen
2017,84,Aliens Go Home Run
2017,73,Atelier Sophie: The Alchemist of the Mysterious Book
2017,62,Take On Mars
2017,76,FOR HONOR‚Ñ¢
2017,71,BOOR
2017,78,Hidden Folks
2017,88,Night in the Woods
2001,72,Anarchy Online
2017,86,Hollow Knight
2017,77,Downward
2017,69,DESYNC
2017,71,Loot Rascals
2017,74,Dead Rising 4
2017,73,Toukiden 2
2017,86,Monster Slayers
2017,83,Quern - Undying Thoughts (Original Soundtrack)
2017,71,Mantis Burn Racing¬Æ - Elite Class
2017,71,Mantis Burn Racing¬Æ - Snowbound Pack
2017,84,Thimbleweed Park‚Ñ¢
2017,80,LEGO City Undercover
2017,78,Slime-san
2017,83,The Sexy Brutale
2017,90,Bayonetta
2017,73,Yooka-Laylee
2017,50,Snow Moto Racing Freedom
2017,77,Cosmic Star Heroine
2017,63,Voodoo Vince: Remastered
2017,78,Marvel's Guardians of the Galaxy: The Telltale Series
2017,77,Full Throttle Remastered
2000,72,Call to Power II
2000,74,Vampire: The Masquerade - Redemption
2017,74,Forts
2017,81,Little Nightmares
2000,46,Beachhead 2000
2017,70,Dawn of Andromeda
2017,75,World to the West
2017,84,Rakuen
2017,57,Empathy: Path of Whispers
2017,66,Bounty Train
2017,75,Bokida - Heartfelt Reunion
2017,78,Cities: Skylines - Mass Transit
2017,74,Mages of Mystralia
2017,72,Portal Knights
2017,78,The Infectious Madness of Doctor Dekker
2017,68,Dynasty Feud
2017,74,Starpoint Gemini Warlords
2017,73,Black Desert Online
2017,64,Danger Zone
2017,81,Rising Storm 2: Vietnam
2017,68,The Long Journey Home
2017,58,Formula Fusion
2017,82,TEKKEN 7
2017,68,Blitzkrieg 3
2017,83,Monolith
2017,71,Pro Cycling Manager 2017
2017,82,Darkest Dungeon¬Æ: The Crimson Court
2017,84,Nex Machina
2017,75,GET EVEN
2017,76,BULLET SOUL / „Éê„É¨„ÉÉ„Éà„ÇΩ„Ç¶„É´ - ÂºæÈ≠Ç - Original Soundtrack
2017,81,Antihero
2017,76,Lode Runner Legacy
2017,64,Serial Cleaner
2017,70,Yonder: The Cloud Catcher Chronicles
2017,72,Dream Daddy: A Dad Dating Simulator
2017,76,Super Cloudbuilt
2017,82,Pyre
2017,68,Solstice Chronicles: MIA
2017,76,BULLET SOUL INFINITE BURST - Original Soundtrack
2017,76,Secret World Legends
2017,81,Aztez
2017,81,Slime Rancher
2017,80,The Legend of Heroes: Trails of Cold Steel
2017,69,The Shrouded Isle
2017,78,Cat Quest
2017,64,Fictorum
2017,86,West of Loathing
2017,70,Sudden Strike 4
2017,78,>observer_
2017,80,Nidhogg 2
2017,88,XCOM 2: War of the Chosen - Propaganda Center
2017,88,XCOM 2: War of the Chosen
2017,70,ARK: Survival Evolved
2017,80,Ys SEVEN
2017,67,Songbringer
2017,69,Fall of Light
2017,81,PRO EVOLUTION SOCCER 2018
2017,74,Oriental Empires
2017,71,Mantis Burn Racing¬Æ - Battle Cars
2017,80,Dishonored¬Æ: Death of the Outsider‚Ñ¢
2017,65,ATOMEGA
2017,72,ECHO
2017,69,Marvel vs. Capcom: Infinite
2017,59,Auto Age: Standoff
2017,79,Heat Signature
2017,77,Figment
2017,61,BLUE REFLECTION / BLUE REFLECTION„ÄÄÂπª„Å´Ëàû„ÅÜÂ∞ëÂ•≥„ÅÆÂâ£
2017,75,RUINER
2017,78,Vaporum
2017,81,JYDGE
2017,79,A Hat in Time
2017,76,Mushroom Wars 2
2017,66,Deadbeat Heroes
1996,89,Star Control: Kessari Quadrant
2017,75,Bomber Crew
2016,68,Hide and Shriek
2017,75,Attentat 1942
2017,58,Sonic Forces
2017,85,Battlerite
2017,81,Reigns: Her Majesty
2017,74,SpellForce 3
2017,83,Gorogoa
2005,58,EMERGENCY 3
2017,78,Bridge Constructor Portal
2003,75,Hidden & Dangerous 2: Courage Under Fire
2000,74,Hidden & Dangerous: Action Pack
2002,67,Army Men RTS
1999,67,Army Men II
2017,54,Raiders of the Broken Planet - Ultimate Edition
2017,76,Purrfect Date - Visual Novel/Dating Simulator
2017,82,Finding Paradise
2017,63,No Escape
2017,93,OKAMI HD / Â§ßÁ•û Áµ∂ÊôØÁâà
2017,40,Hello Neighbor
2017,76,Breakneck
2017,86,Wolfenstein II: The New Colossus
2017,80,Battle Chef Brigade
2017,65,HYAKKI CASTLE
2017,81,World of Warships
2017,51,Syberia 3
2017,82,Football Manager 2018
2017,80,Hand of Fate 2
2017,69,.hack//G.U. Last Recode
2017,80,Zwei: The Ilvard Insurrection
2017,86,Wolfenstein II: The New Colossus
2017,54,Freaky Awesome
2017,66,WWE 2K18
2017,75,Dungeons 3
2017,81,The Evil Within 2
2017,84,Field of Glory II
2017,46,Inmates
2017,66,Ogre
2017,56,EMPYRE: Lords of the Sea Gates
2017,79,Battle Chasers: Nightwar
2017,75,Mutant Football League
2017,86,Microsoft Allegiance
2017,88,Cuphead
2017,86,Total War: WARHAMMER II
2017,77,Hob
2017,53,RAID: World War II
2017,50,Pylon: Rogue
2017,54,Raiders of the Broken Planet - Eternal Soldier Campaign
2017,85,SteamWorld Dig 2
2017,78,The Journey Down: Chapter Three
2017,83,Stellaris: Synthetic Dawn Story Pack
2017,73,Another Lost Phone: Laura's Story
2017,66,CHASER
2017,82,Super Hydorah
2017,87,NBA 2K18
2017,93,Divinity: Original Sin 2
2017,80,Tooth and Tail
2017,70,Tokyo Dark
2017,55,Beat The Game
2001,73,WWII Online
2017,68,Darkestville Castle
2017,75,Last Day of June
2017,77,Battlestar Galactica Deadlock
2017,79,Life is Strange: Before the Storm
2017,75,Absolver
2017,84,Sonic Mania
2017,89,F1‚Ñ¢ 2017
2017,74,The Escapists 2
2017,83,Subsurface Circular
2017,64,Moero Chronicle | ÈôêÁïåÂá∏Ë®ò „É¢„Ç®„É≠„ÇØ„É≠„Éã„ÇØ„É´ | Ê•µÈôêÂá∏Ë®ò„ÄÄËêåËêåÁ∑®Âπ¥Âè≤
2017,73,Halcyon 6: Starbase Commander (LIGHTSPEED EDITION)
2017,76,LawBreakers
2017,83,Hellblade: Senua's Sacrifice
2017,76,Tacoma
2017,74,Sundered
2017,65,Immortal Planet
2017,65,Aven Colony
2017,71,Dreamfall Chapters
2017,58,Behold the Kickmen
2017,71,Aporia: Beyond The Valley
2017,76,Gigantic
2017,80,Kingsway
2017,73,Children of Zodiarcs
2017,84,The End Is Nigh
2017,72,Black The Fall
2017,69,Baobabs Mausoleum Ep.1: Ovnifagos Don¬¥t Eat Flamingos
2017,52,No70: Eye of Basir
2017,80,CRYPTARK
2017,87,FINAL FANTASY XIV: Stormblood
2017,78,DiRT 4
2017,48,Randall
2017,73,Conarium
2017,78,Lydia
2017,53,AereA
2017,70,Rezrog
2017,70,Tokyo 42
2017,69,Hover
2017,81,Emily is Away Too
2017,78,RiME
2017,61,Friday the 13th: The Game
2017,78,Vanquish
2017,83,Steel Division: Normandy 44
2017,62,Impact Winter
2017,69,The Fidelio Incident
2017,77,Old Man's Journey
2017,73,Regalia: Of Men and Monarchs
2017,72,The Surge
2017,69,Plasma Puncher
2017,71,OVIVO
2017,77,Block'hood
2017,67,NBA Playgrounds
2017,83,The Legend of Heroes: Trails in the Sky the 3rd
2017,74,Expeditions: Viking
2017,70,Immortal Redneck
2017,89,What Remains of Edith Finch
2017,78,Everything
2017,87,Orcs Must Die! Unchained
2017,80,Flinthook
2017,68,Shiness: The Lightning Kingdom
2017,79,Altitude
1998,88,Shogo: Mobile Armor Division
2017,76,Bulletstorm: Full Clip Edition
2017,65,The Franz Kafka Videogame
2017,76,BULLET SOUL / „Éê„É¨„ÉÉ„Éà„ÇΩ„Ç¶„É´ - ÂºæÈ≠Ç -
2017,70,Blackwood Crossing
2017,52,FlatOut 4: Total Insanity
2017,61,The Great Whale Road
2017,66,Miniature Garden
2017,66,Rain World
2017,63,Fallout Shelter
2017,80,Battle Brothers
2017,63,Has-Been Heroes
2017,62,"Mafia III: Faster, Baby!"
2017,48,Bush Hockey League
2017,71,Snake Pass
2017,86,Out of the Park Baseball 18
2017,65,The Crow's Eye
2017,73,Kona
2017,84,NieR:Automata‚Ñ¢
2017,61,The Keep
2016,76,Dark Train
2017,75,Future Unfolding
2012,58,Gas Guzzlers: Combat Carnage
2017,68,2Dark
2017,78,Blossom Tales: The Sleeping King
2017,80,Faeria
2017,81,Stories Untold
2016,81,Torment: Tides of Numenera
2017,78,Shadows of Adam
2017,77,Herald: An Interactive Period Drama - Book I & II
2017,72,DYSTORIA
2017,76,üî¥ Circles
2017,44,NeverEnd
2017,72,The Wardrobe
2017,49,We Are Chicago
2017,75,Alone With You
2017,66,Brut@l
2017,74,Leaving Lyndow
2017,83,Bleed 2
2017,59,Arelite Core
2017,61,WWE 2K17
2017,61,Phoning Home
2017,79,Splasher
2017,64,Nights of Azure
2016,63,Youtubers Life
2017,66,Diluvion
2017,71,Alwa's Awakening
2006,46,Elite Warriors: Vietnam
2017,67,Angels with Scaly Wings
2017,81,Disgaea 2 PC / È≠îÁïåÊà¶Ë®ò„Éá„Ç£„Çπ„Ç¨„Ç§„Ç¢2 PC
2017,50,Double Dragon IV
2017,90,Linelight
2017,71,A Normal Lost Phone
2017,67,Nefarious
2017,62,Urban Empire
2017,68,"Warhammer 40,000: Sanctus Reach"
2017,80,Tales of Berseria‚Ñ¢
2016,73,Ladykiller in a Bind
2004,68,Nancy Drew¬Æ: The Secret of Shadow Ranch
2017,82,HoPiKo
2016,69,99Vidas
2016,76,Shantae: Half-Genie Hero
2016,58,Stereo Aereo
2016,62,The Little Acre
2016,81,OneShot
2016,63,Nitroplus Blasterz: Heroines Infinite Duel
2003,68,Line of Sight: Vietnam
2016,65,Maize
2016,83,Quern - Undying Thoughts
2016,84,Planet Coaster
2016,43,RollerCoaster Tycoon World‚Ñ¢
2016,64,Super Rad Raygun
2016,56,ENIGMA:
2016,72,Dofus
2016,80,Mekazoo
2016,86,Dishonored 2
2016,81,Ashes of the Singularity: Escalation
2016,81,Motorsport Manager
2016,67,Small Radios Big Televisions
2016,65,Pirate Pop Plus
2016,73,Call of Duty¬Æ: Infinite Warfare
2016,78,Xanadu Next
2016,82,Creepy Castle
2016,64,Franchise Hockey Manager 3
2016,88,Owlboy
2016,75,Rusty Lake: Roots
2016,82,Endless Legend‚Ñ¢ - Tempest
2016,78,Shadow Warrior 2
2016,72,Duke Nukem 3D: 20th Anniversary World Tour
2016,67,Ride 2
2016,68,WRC 6 FIA World Rally Championship
2016,62,Five Nights at Freddy's: Sister Location
2016,62,Mafia III
2016,81,Atlas Reactor
2016,71,Aragami
2016,85,Shu
2016,64,Masquerada: Songs and Shadows
2016,78,Wuppo
2016,79,The Metronomicon: Slay The Dance Floor
2016,54,Hybrid Wars
2016,82,Burly Men at Sea
2016,67,Rogue Wizards
2016,66,Toy Odyssey: The Lost and Found
2016,69,Diaries of a Spaceport Janitor
2016,70,Marooners
2016,75,Event[0]
2016,70,Ember
2016,87,STEINS;GATE
2016,73,Project Highrise
2016,69,How to Survive 2
2016,68,Unbox: Newbie's Adventure
2016,70,Mother Russia Bleeds
2016,90,Tadpole Treble
2016,74,The Curious Expedition
2016,75,Seasons after Fall
2016,66,Tahira: Echoes of the Astral Empire
2016,82,RunGunJumpGun
2016,51,Shiny
2016,73,Livelock
2016,90,N++ (NPLUSPLUS)
2016,74,Master of Orion
2003,64,Master of Orion 3
2016,74,Virginia
2016,66,Metrico+
2016,82,Duelyst
2016,49,Guards
2016,69,Okhlos: Omega
2016,67,Champions of Anteria‚Ñ¢
2016,61,No Man's Sky
2016,80,Tricky Towers
2016,83,ABZU
2016,70,Near Death
2016,81,Overcooked
2017,82,She Remembered Caterpillars
2016,81,Quadrilateral Cowboy
2017,73,Mainlining
2016,41,MilitAnt
2016,91,Tumblestone
2016,73,Poly Bridge
2016,74,The Real Texas
2016,79,Anarcute
2016,50,Krai Mira: Extended Cut
2016,74,Arma 3 Apex
2016,71,Song of the Deep
2016,63,Crush Your Enemies
2017,75,The Darkside Detective
2016,52,Mighty No. 9
2016,77,VA-11 Hall-A: Cyberpunk Bartender Action
2016,75,Space Run Galaxy
2016,64,Pro Cycling Manager 2016
2016,72,Valentino Rossi The Game
2016,77,On Rusty Trails
2014,82,WildStar
2016,82,WildStar: Adventure Pack
2016,82,WildStar: Hero Pack
2016,82,WildStar: Legend Pack (NA)
2016,81,SteamWorld Heist
2016,66,Last Days of Old Earth
2016,68,WASTED
2016,83,Hearts of Iron IV
2016,40,Super Duper Party Pooper
2016,58,Hunter's Legacy
2016,73,Hard Reset Redux
2016,54,Dangerous Golf
2016,70,Brigador: Up-Armored Edition
2016,70,SENRAN KAGURA SHINOVI VERSUS
2016,67,TurnOn
2016,76,Chronicle: RuneScape Legends
2016,69,Excubitor
2016,74,Blacksea Odyssey
2016,86,Total War: WARHAMMER
2016,77,Lumo
2016,54,POSTAL Redux
2016,68,Koihime Enbu
2016,80,Sengoku Jidai: Shadow of the Shogun
2016,72,Demetrios - The BIG Cynical Adventure
2004,67,The Punisher
2016,85,DOOM
2016,64,Ryzom
2016,58,Scrap Garden
2016,53,Dead Effect 2
2016,78,Stellaris
2016,73,Cars
2016,74,Neon Chrome
1992,50,Reservoir Dogs
1996,58,FROM DUSK TILL DAWN
2016,63,March of the Living
2016,67,Megamagic: Wizards of the Neon Age
2016,83,Don't Starve Together
2016,77,Battlefleet Gothic: Armada
2016,68,Rogue Stormers
2016,90,Stephen's Sausage Roll
2016,75,Battlezone 98 Redux
2016,83,Danganronpa 2: Goodbye Despair
2016,87,HEX: Shards of Fate
2016,50,IS Defense
2016,82,The Banner Saga 2
2016,84,FINAL FANTASY IX
2016,79,Goetia
2016,76,Everybody's Gone to the Rapture
2016,69,Aurion: Legacy of the Kori-Odan
2016,89,DARK SOULS‚Ñ¢ III
2016,74,Stories: The Path of Destinies
2016,80,Mushroom Wars
2016,57,Kill to Collect
2016,84,Enter the Gungeon
2016,80,1979 Revolution: Black Friday
2016,77,Baldur's Gate: Siege of Dragonspear
2016,80,Leap of Fate
2016,74,Epistory - Typing Chronicles
2016,77,Magical Eyes - Red is for Anguish
2016,85,The Last Door: Season 2 - Collector's Edition
2016,74,Slain: Back from Hell
2016,57,The Descendant: Rest of Season
2016,59,The Descendant
2016,86,Day of the Tentacle Remastered
2016,76,Polaris Sector
2016,92,Out of the Park Baseball 17
2016,85,Music Pack - Music for Code EP
2016,62,Moon Hunters
2016,74,WWE 2K16
2016,78,Deathsmiles
2016,75,"Gremlins, Inc."
2016,49,Ares Omega
2016,61,Into the Stars
2016,54,E.T. Armies
2016,89,Stardew Valley
2016,74,Far Cry¬Æ Primal
2016,75,Shardlight
2016,76,Deponia Doomsday
2016,48,Blood Alloy: Reborn
2016,57,Soul Axiom
2016,83,Grim Dawn
2016,74,Heaven's Hope - Special Edition
2016,72,Ninja Senki DX
2016,78,Obliteracers
2016,83,Devil Daggers
2016,72,Cities: Skylines - Snowfall
2004,81,"Codename: Panzers, Phase One"
2005,80,"Codename: Panzers, Phase Two"
2016,57,ARSLAN: THE WARRIORS OF LEGEND
2016,76,American Truck Simulator
2016,81,Firewatch
2016,88,XCOM¬Æ 2
2016,69,Cobalt
2016,65,Rusty Lake Hotel
2016,67,CALENDULA
2016,83,DarkMaus
2004,74,Nemesis of the Roman Empire
2016,71,The Order of the Thorne - The King's Challenge
2016,78,Crashlands
2016,51,Dinocide
2016,80,Move or Die
2016,63,The Westport Independent
2004,73,Warlords Battlecry III
2016,41,Monumental
2016,62,Between Me and The Night
2016,65,Slybots: Frantic Zone
2016,54,Gemini: Heroes Reborn
2016,59,Shooting Stars!
2016,76,The Aquatic Adventure of the Last Human
2016,81,The Bug Butcher
2016,73,The Deadly Tower of Monsters
2016,84,Darkest Dungeon¬Æ
2016,77,Echoes of Aetheria
1998,85,Falcon 4.0
2015,49,Anomaly 1729
2016,86,Pony Island
2016,74,Sora
2010,65,Dragon Saga
2015,67,SimplePlanes
1997,86,Total Annihilation
2015,77,Aviary Attorney
2015,72,UnderRail
2015,66,Swords and Sorcery - Underworld - Definitive Edition
2015,63,Devilian
2015,55,Red Game Without A Great Name
2015,74,Zombie Vikings
2015,88,Nuclear Throne
2015,83,HELLDIVERS‚Ñ¢
1996,77,Lords of the Realm II
2004,65,Lords of the Realm III
2015,77,Don't Starve: Shipwrecked
2015,83,CLANNAD
2015,74,12 is Better Than 6
2015,73,Thea: The Awakening
2015,73,Hard West
2015,74,Assassin's Creed¬Æ Syndicate
2015,86,Mushihimesama
2003,72,Impossible Creatures Steam Edition
2015,84,Fallout 4
2015,77,Mini Metro
2015,69,Clandestine
2015,63,Conflicks - Revolutionary Space Battles
2015,62,PONCHO
1997,89,Fallout: A Post Nuclear Role Playing Game
2015,71,Cibele
2015,69,Albert and Otto
2015,78,GALAK-Z
2015,76,Pathologic Classic HD
2015,80,The Legend of Heroes: Trails in the Sky SC
2015,79,Warhammer: End Times - Vermintide
2015,85,Chaos Reborn
2015,85,System Shock: Enhanced Edition
2015,76,DISTRAINT: Deluxe Edition
2015,57,Pulse
2015,69,The Coma: Cutting Class
2015,74,Ceres
2015,66,Rogue State
2015,78,Human Resource Machine
2015,70,Planetbase
2015,81,The Age of Decadence
2015,50,Animal Gods
2015,54,Bedlam
2015,83,Beyond Sol
2015,65,WRC 5 FIA World Rally Championship
2015,79,Sid Meier's Civilization: Beyond Earth - Rising Tide
2015,63,SKYHILL
2015,82,Ninja Pizza Girl
2015,58,Lost Horizon 2
2015,68,Pixel Galaxy
2015,66,The Escapists: The Walking Dead
2015,63,Grand Ages: Medieval
2015,76,Concrete Jungle
2015,60,A Fistful of Gun
2015,65,Journey To The Center Of The Earth
2015,65,Stairs
2015,84,80 Days
2015,79,Else Heart.Break()
2015,80,Penarium
2015,76,Blood Bowl 2
2015,75,Extreme Exorcism
2015,67,Skyshine's BEDLAM
2015,80,Lovers in a Dangerous Spacetime
2015,59,Cross of the Dutchman
2015,72,"Warhammer 40,000: Regicide"
2015,80,Circa Infinity
2015,71,Act of Aggression - Reboot Edition
2015,80,Company of Heroes 2 - The British Forces
2015,69,Lumini
2015,80,Bowl Bound College Football
2015,80,Rampage Knights
2004,59,Zoo Empire
2004,60,Wars and Warriors: Joan of Arc
2004,58,Marine Park Empire
2015,75,Armello
2015,79,STASIS
2015,75,Satellite Reign
2015,80,Grandia¬Æ II Anniversary Edition
2015,85,Mega Man Legacy Collection / „É≠„ÉÉ„ÇØ„Éû„É≥ „ÇØ„É©„Ç∑„ÉÉ„ÇØ„Çπ „Ç≥„É¨„ÇØ„Ç∑„Éß„É≥
2015,68,Nova-111
2015,64,Party Hard
2015,74,Crookz - The Big Heist
2015,81,Shadowrun: Hong Kong - Extended Edition
2015,36,The Flock
2015,68,In Between
2015,80,Volume
2015,60,Beyond Eyes
2015,59,Dream
2015,68,PixelJunk‚Ñ¢ Nom Nom Galaxy
2015,64,Legend of Kay Anniversary
2015,70,The Swindle
2015,76,Galacide
2015,58,Kyn
2015,73,Blues and Bullets
2015,72,Way of the Samurai 4
2015,85,Zenzizenzic
2015,82,The Talos Principle: Road To Gehenna
2015,74,Niko: Through The Dream
2015,72,Guild of Dungeoneering
2015,78,AR-K: The Great Escape
2015,76,Luckslinger
2015,64,Legions of Steel
2015,76,Gunpowder
2015,79,The Magic Circle
2015,74,The Red Solstice
2015,61,Traverser
2000,86,Ground Control Anthology
2004,80,Ground Control II: Operation Exodus
2015,70,RONIN
2015,83,Divide By Sheep
2015,71,Legends of Eisenwald
2015,57,Vector Thrust
2015,65,Lethis - Path of Progress
2015,85,Mighty Switch Force! Hyper Drive Edition
2015,86,Her Story
2015,64,Kholat
2015,79,Frozen Cortex - Ultimate Tier DLC
2015,79,Frozen Cortex - Mega Tier DLC
2015,79,Frozen Cortex - Soundtrack DLC
2015,60,Sylvio
2015,72,Adventures of Pip
2015,69,Star Hammer: The Vanguard Prophecy
2015,63,Dirty Bomb¬Æ
2015,75,Rebuild 3: Gangs of Deadsville
2015,82,The Next Penelope
2015,75,Serpent in the Staglands
2015,59,Subject 13
2015,64,Phantom Breaker: Battle Grounds - Original Soundtrack
2015,69,Magicka 2
2015,76,Audiosurf 2
2015,61,Magnetic: Cage Closed
2015,63,MISSING: An Interactive Thriller - Episode One
2015,66,Sunset
2015,48,Epanalepsis
2015,77,Interloper
2015,82,Technobabylon
2015,75,NOT A HERO
2015,80,Axiom Verge
2015,82,"Invisible, Inc."
2015,72,LOST ORBIT
2015,57,Toren
2015,73,Lemma
2015,67,Last Word
2015,61,Sym
1997,68,Tony Tough and the Night of Roasted Moths
2001,83,Independence War¬Æ 2: Edge of Chaos
2015,76,Wolfenstein: The Old Blood
2015,86,Black Mesa
2015,74,Space Colony: Steam Edition
2015,72,Block N Load
2015,58,The Weaponographist
2015,74,"Guns, Gore & Cannoli"
2015,81,Order of Battle: World War II
2015,75,Chroma Squad
2015,88,Kerbal Space Program
2015,54,Son of Nor
2015,70,Verdun
2015,61,Perils of Man
2015,67,Uncanny Valley
2006,71,MX vs. ATV Unleashed
2015,96,Grand Theft Auto V
2015,76,Mortal Kombat X
2015,80,Age of Wonders III - Eternal Lords Expansion
2015,64,Fire
2015,70,StarDrive 2
2015,60,I am Bread
2015,59,VoidExpanse
2015,74,Titan Souls
2015,49,theHunter: Primal
2015,89,Pillars of Eternity
2015,52,Worlds of Magic
2015,71,Dyscourse
2015,77,Three Fourths Home: Extended Edition
2015,64,Phantom Breaker: Battle Grounds - Kurisu Makise + Level 99 Pack
2015,45,LA Cops
2015,55,Hektor
2015,74,Assassin‚Äôs Creed¬Æ Rogue
2015,85,Cities: Skylines
2015,68,Parallax
2015,55,Mushroom Men: Truffle Trouble
2015,88,Ori and the Blind Forest
2015,72,Tormentum - Dark Sorrow
2015,81,Vietnam ‚Äò65
2015,70,Steel Armor: Blaze of War
2015,72,Zombie Army Trilogy
2015,68,Five Nights at Freddy's 3
2015,63,Pneuma: Breath of Life
2015,69,Oblitus
2015,59,The Deer God
2015,82,BLACKHOLE
2015,70,A Druid's Duel
2006,73,Disney‚Ä¢Pixar Cars
2015,58,There Came an Echo
2015,79,Frozen Cortex
2015,80,The Book of Unwritten Tales 2
2015,60,Decay: The Mare
2015,71,The Escapists
2015,80,Total War: ATTILA
2015,77,Evolve Stage 2
2015,70,Harold
2015,77,Deathtrap
2015,76,Castle In The Darkness
2015,47,Cities XXL
2015,56,Supreme League of Patriots
2015,72,Hyperdimension Neptunia Re;Birth1 / Ë∂ÖÊ¨°Ê¨°ÂÖÉ„Ç≤„Ç§„É† „Éç„Éó„ÉÜ„É•„Éº„ÉåRe;Birth1 / Ë∂ÖÊ¨°Ê¨°ÂÖÉÈÅäÊà≤Êà∞Ê©üÂ∞ëÂ•≥ÈáçÁîü1
2015,32,Zombeer
2015,65,Heroes¬Æ of Might & Magic¬Æ III - HD Edition
2015,75,Gravity Ghost
2015,87,Dying Light
2015,84,Grim Fandango Remastered
2015,85,Roche Fusion
2015,64,Phantom Breaker: Battle Grounds
2015,66,Saints Row: Gat out of Hell
2015,74,Blackguards 2
2015,66,Citizens of Earth
2015,65,"War, the Game"
2015,55,Warhammer Quest
2015,55,Warhammer Quest
2014,75,Roundabout
2014,85,The Talos Principle
2014,70,Vertical Drop Heroes HD Demo
2014,61,Redux: Dark Matters
2007,68,Sinking Island
2014,73,LARA CROFT AND THE TEMPLE OF OSIRIS‚Ñ¢
2014,70,Dead State: Reanimated
2014,76,Fight The Dragon
2014,71,The Crew‚Ñ¢
2014,70,Lumino City
2014,62,The Old City: Leviathan
2014,53,Akaneiro: Demon Hunters
2014,68,"Warhammer 40,000: Armageddon"
2014,68,Rollers of the Realm
2014,83,Frozen Synapse Prime
2014,83,This War of Mine
2014,71,Lords of Xulima
2014,69,Basketball Pro Management 2015
2014,74,Shadows: Heretic Kingdoms
2014,69,The Marvellous Miss Take
2013,83,FINAL FANTASY XIV Online Free Trial
2014,62,Five Nights at Freddy's 2
2014,71,FOTONICA
2014,80,Icewind Dale: Enhanced Edition
2014,77,The Detail
2014,73,Lords Of The Fallen‚Ñ¢
2000,82,B-17 Flying Fortress: The Mighty 8th
2014,32,Majestic Nights
2014,62,Buzz Aldrin's Space Program Manager
2014,78,Call of Duty¬Æ: Advanced Warfare - Gold Edition
2014,65,Depth
2014,79,Dungeon of the Endless‚Ñ¢
2014,68,Kromaia
2014,81,Sid Meier's Civilization¬Æ: Beyond Earth‚Ñ¢
2014,75,Ziggurat
2014,83,Door Kickers
2014,70,Poltergeist: A Pixelated Horror
2014,61,Wings! Remastered Edition
2014,78,DeadCore
2014,74,Gabriel Knight: Sins of the Fathers 20th Anniversary Edition
2014,80,Expansion - Crusader Kings II: Charlemagne
2014,75,Borderlands: The Pre-Sequel
2014,81,Alien: Isolation
2011,73,Disney‚Ä¢Pixar Toy Story 3: The Video Game
2014,74,TRI: Of Friendship and Madness
2014,68,A Golden Wake
2014,61,Ryse: Son of Rome
2010,79,Split/Second
2010,57,Disney TRON: Evolution
2010,63,Disney Alice in Wonderland
2014,59,Schr√∂dinger‚Äôs Cat And The Raiders Of The Lost Quark
2014,75,Fenix Rage
2014,82,The Vanishing of Ethan Carter - Collector's Edition Upgrade
2014,82,The Vanishing of Ethan Carter
2014,58,Kraven Manor
2014,70,Starpoint Gemini 2
2014,68,Neverending Nightmares
2014,83,Outland
2014,57,Shadow Puppeteer
2014,68,SPACECOM
2014,87,Shadowrun: Dragonfall - Director's Cut
2014,71,J.U.L.I.A.: Among the Stars
2014,78,Battle Academy 2: Eastern Front
2014,71,To End All Wars
2014,68,Runers
2014,67,Train Fever
2014,68,Hatoful Boyfriend
2014,73,Hack 'n' Slash
2002,82,The Guild Gold Edition
2014,82,Lethal League
2014,70,Bravada
2012,76,Haunted
2014,65,Risen 3 - Titan Lords
2014,78,Five Nights at Freddy's
2014,62,Chess 2: The Sequel
2014,73,King's Bounty: Dark Side
2005,63,Space Hack
2014,57,Back to Bed
2014,68,Pure Pool
2014,59,The Sun at Night
2014,64,Eidolon
2014,58,Pineview Drive
2014,61,Lovely Planet
2014,65,Unrest
2014,64,Gods Will Be Watching
2014,68,UnEpic
2014,39,Only If
2014,78,OlliOlli
2014,85,Medieval II: Total War Kingdoms
2014,78,So Many Me
1998,82,Blood: One Unit Whole Blood
1998,72,Blood II: The Chosen + Expansion
2014,49,Light
2014,63,Quest for Infamy
2014,69,Abyss Odyssey
2014,41,Wayward Manor
2008,75,A Vampyre Story
2014,83,Terrian Saga: KR-17
2014,64,Whispering Willows
2014,41,4PM
2003,50,Railroad Pioneer
2014,43,Meridian: New World
2004,61,Shadow Ops: Red Mercury
2004,77,Soldiers: Heroes of World War II
2014,66,Battleplan: American Civil War
2001,70,Echelon
2014,85,Shovel Knight: Treasure Trove
2014,78,GRID Autosport
2014,68,Crimsonland
2014,67,SPINTIRES‚Ñ¢
2014,73,Space Run
2014,77,The Incredible Adventures of Van Helsing II
2014,72,Qvadriga
2014,89,Rise of Nations: Extended Edition
2014,66,Concursion
2008,71,The Lost Crown
2014,70,Ionball 2: Ionstorm
2014,91,Freespace 2
2014,85,Crimzon Clover WORLD IGNITION
2013,68,Pandora: First Contact
2014,83,The Floor is Jelly
2014,86,Astebreed: Definitive Edition
2003,77,Salammb√¥: Battle for Carthage
2006,62,Wings Over Europe
2014,59,Murdered: Soul Suspect
2007,61,Bus Driver
2014,80,1001 Spikes
2014,64,Defiance
2017,66,Among the Sleep - Enhanced Edition
2014,81,Distant Worlds: Universe
2014,83,ibb & obb
2014,77,Watch_Dogs‚Ñ¢
2014,68,FINAL FANTASY III
2014,69,Panzer Tactics HD
2014,73,A Story About My Uncle
2014,81,Wolfenstein: The New Order
2014,83,Transistor
2014,79,The Last Door - Collector's Edition
2014,66,Flockers‚Ñ¢
2002,74,RollerCoaster Tycoon¬Æ 2: Triple Thrill Pack
2014,73,Always Sometimes Monsters
2014,71,DYNASTY WARRIORS 8: Xtreme Legends Complete Edition / Áúü„Éª‰∏âÂúãÁÑ°ÂèåÔºó with ÁåõÂ∞Ü‰ºù
2014,65,Memento Mori 2
2002,69,Iron Storm
2015,78,RUNNING WITH RIFLES
1997,73,Shadow Warrior (Classic)
2014,68,Tesla Effect: A Tex Murphy Adventure
2014,64,The Impossible Game
2006,77,Al Emmo and the Lost Dutchman's Mine
2013,63,"Sir, You Are Being Hunted"
2001,69,Eurofighter Typhoon
2014,91,DARK SOULS‚Ñ¢ II
2014,51,Daylight
2014,77,Child of Light
2014,80,Trials Fusion‚Ñ¢
2003,41,Rocko's Quest
2014,75,The Samaritan Paradox
2014,72,The Last Federation
2014,75,FRACT OSC
2001,68,Dracula 2: The Last Sanctuary
2014,78,Wargame: Red Dragon
2014,89,Descent 3
2014,73,Warlock 2: The Exiled
2006,67,Faces of War
2003,78,Praetorians
2005,69,Imperial Glory
2011,75,Black Mirror III
2014,61,Spate
2014,54,Moebius: Empire Rising
2014,67,Platformines
2014,62,Goat Simulator
2014,72,Gray Matter
2014,76,Escape Goat 2
2014,49,YAIBA: NINJA GAIDEN Z
2014,80,Expansion - Crusader Kings II: Rajas of India
2008,62,Ubersoldier II
2014,68,Call of Duty¬Æ: Ghosts
2014,82,Ether One
2011,80,Panzer Corps
2014,72,10 Second Ninja
2003,70,Nosferatu: The Wrath of Malachi
2002,67,Incoming Forces
2014,87,Year Walk
2014,75,Infested Planet
2001,78,Summoner
2014,43,Dragons and Titans
2000,70,Soulbringer
2005,63,Obscure
2008,59,Obscure II (Obscure: The Aftermath)
2014,79,resident evil 4 / biohazard 4
2014,70,Thief
2014,47,Line Of Defense Tactics - Tactical Advantage
2014,76,Tower of Guns
2014,78,STRIDER‚Ñ¢ / „Çπ„Éà„É©„Ç§„ÉÄ„ÉºÈ£õÁ´ú¬Æ
2014,66,99 Levels To Hell
2014,66,Drunken Robot Pornography
2014,59,Journal
2014,83,FINAL FANTASY XIV Online
2013,83,FINAL FANTASY XIV Online Starter Edition
2012,74,Drox Operative
2002,77,MoonBase Commander
2014,62,Little Racers STREET
2014,75,Jazzpunk: Director's Cut
2001,77,Etherlords
2003,78,Etherlords II
2014,72,Loadout
2014,70,Might & Magic X - Legacy
2001,61,Original War
2014,73,Strike Vector
2014,73,Broken Age
2014,68,Blackguards
2014,81,Expansion - Europa Universalis IV: Conquest of Paradise
2014,80,The Banner Saga
2014,83,METAL GEAR RISING: REVENGEANCE
2014,62,Continue?9876543210
2013,73,Driftmoon
2007,71,UFO: Afterlight
2013,63,Total War: ROME II - Caesar in Gaul Campaign Pack
2013,37,Dementium II HD
2013,77,Teslagrad
2013,83,Stick it to The Man!
2013,61,Violett Remastered
2013,78,Samurai Gunn
2014,77,NEO Scavenger
2013,50,Gomo
2013,66,The Novelist
2013,53,Speedball 2 HD
2013,76,SteamWorld Dig
2013,57,Two Brothers
2013,73,Gas Guzzlers Extreme
2013,62,Redshirt
2013,69,Chivalry: Deadliest Warrior
2013,53,Deadfall Adventures
2013,33,X Rebirth
2013,62,Contrast
2013,78,Baldur's Gate II: Enhanced Edition
2013,67,Dungeonland
2004,69,Neighbours from Hell Compilation
2013,66,Final Exam
2013,82,Avadon 2: The Corruption
2013,83,Valdis Story: Abyssal City
2013,53,Sniper Elite: Nazi Zombie Army 2
2003,79,Ragnarok Online
2000,78,Earth 2150 Trilogy
2013,65,Journey of a Roach
2013,76,Fester Mudd: Curse of the Gold - Episode 1
2013,71,Battle Worlds: Kronos
2001,81,Stronghold HD
2002,78,Stronghold Crusader HD
2013,77,Eldritch
2013,78,LEGO¬Æ Marvel‚Ñ¢ Super Heroes
2013,89,Borderlands 2: Headhunter 1: Bloody Harvest
2013,76,Syder Arcade
2013,63,Defense Technica
2013,70,ENSLAVED‚Ñ¢: Odyssey to the West‚Ñ¢ Premium Edition
2013,80,NARUTO SHIPPUDEN: Ultimate Ninja STORM 3 Full Burst HD
2013,74,Batman‚Ñ¢: Arkham Origins
2013,75,Nihilumbra
2013,72,Tetrobot and Co.
2013,70,Democracy 3
2013,69,Megabyte Punch
2013,73,Shadow Warrior
2013,84,Giana Sisters: Twisted Dreams - Rise of the Owlverlord
2001,71,World War III: Black Gold
2004,61,World War II: Panzer Claws
1999,72,Septerra Core
2013,66,Rise of Venice
2013,72,The Inner World
2013,47,Arma Tactics
2003,71,Enclave
2013,57,Knock-knock
2013,47,Tactical Intervention
2013,71,Bionic Dues
2013,43,Air Conflicts: Vietnam
2004,83,Silent Storm Gold Edition
2013,77,Rise of Flight: Battle of Saint-Mihiel
2013,77,Rise of Flight: Birth of Warbirds
2013,77,Rise of Flight: Bloody April
2013,77,Rise of Flight: Ultimately the Best Fighter
2013,77,Rise of Flight: Furious Wings
2013,77,Rise of Flight United
2013,77,Rise of Flight: Legendary Bombers
2013,72,Amnesia: A Machine for Pigs
2013,82,Dominions 3: The Awakening
2001,85,Wizardry 8
2013,74,Arma 3
2013,72,Aarklash: Legacy
2013,76,Volgarr the Viking
2013,40,The Chaos Engine
2013,79,Memoria
2013,76,Total War‚Ñ¢: ROME II - Emperor Edition
2013,89,Rayman¬Æ Legends
2013,86,Gone Home
2013,90,Brothers - A Tale of Two Sons
2013,66,The Bureau: XCOM Declassified
2013,86,Saints Row IV
2013,73,Divekick
2013,83,Skullgirls
2013,90,Spelunky
2013,85,"Papers, Please"
2013,88,Guacamelee! Gold Edition
2013,87,Europa Universalis IV
2013,73,Guncraft
2013,72,Hammerwatch
2013,78,Teleglitch: Die More Edition
2013,73,Super Splatters
2013,85,Rogue Legacy
2013,63,Storm
2013,77,TrackMania¬≤ Stadium
2013,73,Fist Puncher
2013,47,Hexodius
2013,82,Joe Danger 2: The Movie
2013,75,The Night of the Rabbit
2013,75,Cubetractor
2013,80,Wargame: Airland Battle
2013,77,Expeditions: Conquistador
2013,87,The Swapper
2013,82,Rising Storm Game of the Year Edition
2013,80,Fallen Enchantress: Legendary Heroes
2013,72,The Incredible Adventures of Van Helsing
2013,64,Skyward Collapse
2013,77,Element4l
2013,79,Call of Juarez¬Æ Gunslinger
2013,83,Gunpoint
2013,80,GRID 2
1999,92,System Shock 2
2013,69,Thunder Wolves
2013,77,Anomaly 2
2013,66,Strike Suit Infinity
2013,91,FEZ
2013,81,Far Cry 3 - Blood Dragon
2013,83,Monaco: What's Yours Is Mine
2013,76,Kairo
2013,80,Dyad
2013,75,Anna - Extended Edition
2013,80,La-Mulana
2013,83,Starseed Pilgrim
2013,61,Sacred Citadel
2013,68,Age of Empires II HD
2013,76,ShootMania Storm
2013,73,Dungeon Hearts
2013,72,Cities in Motion 2
2013,69,Warframe
2013,94,BioShock Infinite
2013,59,Shattered Haven
2013,79,Weird Worlds: Return to Infinite Space
2013,52,Sniper: Ghost Warrior 2
2013,85,BIT.TRIP Presents... Runner2: Future Legend of Rhythm Alien
2011,81,TrackMania¬≤ Canyon
2013,75,Star Conflict
2013,62,Sniper Elite: Nazi Zombie Army
2013,66,Armada 2526 Gold Edition
2013,86,Tomb Raider
2013,67,The Showdown Effect
2013,81,Kentucky Route Zero
2013,74,The Bridge
2013,67,The Banner Saga: Factions
2013,80,Brutal Legend
2013,62,Bient√¥t l'√©t√©
2013,45,Impire
2013,80,Proteus
2013,79,Sonic & All-Stars Racing Transformed
2013,82,Antichamber
2013,67,"10,000,000"
2013,81,Expansion - Crusader Kings II: The Republic
2013,79,Euro Truck Simulator 2
2013,78,Baldur's Gate: Enhanced Edition
2013,72,The Journey Down: Chapter One
2012,79,Waking Mars
2012,75,Dishonored: Dunwall City Trials
2012,65,Sword of the Stars II: Enhanced Edition
2012,48,Karateka
2012,88,Far Cry 3
2012,88,Super Hexagon
2012,80,LEGO The Lord of the Rings
2012,52,Miner Wars 2081
2012,68,Little Inferno
2012,75,Scribblenauts Unlimited
2012,79,Hitman: Absolution‚Ñ¢
2012,84,PlanetSide 2
2012,80,Assassin‚Äôs Creed¬Æ III
2012,77,Thomas Was Alone
2012,42,Clan of Champions
2012,80,Natural Selection 2
2012,64,Painkiller Hell & Damnation
2012,63,Pid
2012,78,Deadlight
2012,74,King's Bounty: Warriors of the North
2012,59,Lucius
2012,79,Chivalry: Medieval Warfare
2012,91,Mark of the Ninja
2012,73,Worms Revolution
2012,69,Of Orcs And Men
2012,64,Hell Yeah! Wrath of the Dead Rabbit
2012,76,McPixel
2012,91,Dishonored
2012,75,Half Minute Hero: Super Mega Neo Climax Ultimate Boy
2012,66,Sniper Elite V2 - The Neudorf Outpost Pack
2012,61,Dream Pinball 3D
2012,88,Torchlight II
2012,89,XCOM: Enemy Unknown
2012,72,Gateways
2012,50,Tryst
2012,84,FTL: Faster Than Light
2012,89,Borderlands 2
2012,67,Secret Files 3
2012,80,F1 2012‚Ñ¢
2012,69,Home
2012,68,Shad'O
2012,66,I Am Alive
2012,85,DARK SOULS‚Ñ¢: Prepare To Die‚Ñ¢ Edition
2012,57,Tiny Troopers
2012,63,Jagged Alliance: Crossfire
2012,74,They Bleed Pixels
2012,74,Snapshot
2012,83,Galactic Civilizations¬Æ I: Ultimate Edition
2012,59,Tower Wars
2012,83,Tales From Space: Mutant Blobs Attack
2012,69,Check vs Mate
2012,88,Thirty Flights of Loving
2012,49,Cannon Fodder 3
2012,75,Symphony
2012,74,Deponia
2012,60,Rigonauts
2012,74,Unmechanical
2012,78,Awesomenauts - the 2D moba
2012,76,Resonance
2012,83,Orcs Must Die! 2
2012,76,Prototype 2
2012,75,Blacklight: Retribution
2012,77,Endless Space¬Æ - Collection
2012,75,Tiny and Big: Grandpa's Leftovers
2012,55,SpellForce 2: Faith in Destiny
2012,27,Fray: Reloaded Edition
2012,77,Magic: The Gathering - Duels of the Planeswalkers 2013
2012,58,Game of Thrones
2012,76,Spec Ops: The Line
2012,82,Sins of a Solar Empire¬Æ: Rebellion
2012,55,Iron Front: Digital War Edition
2002,56,Conflict Desert Storm‚Ñ¢
2012,73,Alan Wake's American Nightmare
2000,87,Thief‚Ñ¢ II: The Metal Age
2012,91,Batman: Arkham City - Game of the Year Edition
1998,92,Thief‚Ñ¢ Gold
2012,82,Botanicula
2012,54,Nexuiz
2012,79,Street Fighter X Tekken
2012,79,Offspring Fling!
2012,75,The Dream Machine: Chapter 1 & 2
2012,54,Sonic the Hedgehog 4 - Episode II
2012,73,MacGuffin's Curse
2012,63,Blades of Time
2012,81,Lone Survivor: The Director's Cut
2012,82,The Walking Dead
2012,59,Fireburst
2012,54,A Valley Without Wind
2012,80,Noitu Love 2: Devolution
2012,71,Warlock - Master of the Arcane
2012,64,Naval War: Arctic Circle
2012,82,Legend of Grimrock
2012,74,Stellar Impact
2012,76,Avernum: Escape From the Pit
2012,57,Men of War: Condemned Heroes
2011,88,The Witcher 2: Assassins of Kings Enhanced Edition
2012,76,Insanely Twisted Shadow Planet
2012,39,Deep Black: Reloaded
2012,76,Super MNC
2012,66,Sniper Elite V2
2012,83,Mount & Blade: Warband - Napoleonic Wars
2011,71,Fallen Earth Free2Play
2012,81,Wargame: European Escalation
2012,75,Stronghold Kingdoms
2012,72,Shank 2
2012,80,The Blackwell Legacy
2012,73,Blackwell Deception
2012,70,Evochron Mercenary
2012,79,Dustforce DX
2012,81,Kingdoms of Amalur: Reckoning‚Ñ¢
2012,73,Unstoppable Gorg
2012,77,The Darkness II
2012,73,Crusader Kings Complete
2012,57,SOL: Exodus
2009,81,Age of Empires¬Æ III: Complete Collection
2012,80,LEGO Harry Potter: Years 5-7
2012,65,Choplifter HD
2011,83,EverQuest¬Æ II Free-To-Play. Your Way.‚Ñ¢
2011,71,Sideway‚Ñ¢ New York
2011,84,Saints Row: The Third
2011,81,Rochard
2011,82,Gemini Rue
2011,37,Global Ops: Commando Libya
2011,76,Renegade Ops
2011,59,Ignite
2011,79,Bloodline Champions
2011,70,Take On Helicopters
2011,59,inMomentum
2011,66,Lord of the Rings: War in the North
2011,81,Dungeon Defenders
2002,73,Worms Blast
2011,76,PAYDAY‚Ñ¢ The Heist
2011,55,Steel Storm: Burning Retribution
2011,79,RAGE
2011,83,Orcs Must Die!
2011,76,Might & Magic: Clash of Heroes
2011,71,Nuclear Dawn
2011,72,Dungeons - The Dark Lord
2011,66,Worms Ultimate Mayhem
2011,54,King Arthur: Fallen Champions
2011,67,Xotic
2011,83,F1 2011
2011,72,Blocks That Matter
2011,86,Bastion
2011,76,From Dust
2011,75,Avadon: The Black Fortress
2011,62,Chantelise - A Tale of Two Sisters
2011,63,Supreme Ruler: Cold War
2011,56,Pirates of Black Cove
2011,88,LIMBO
2001,79,Kohan: Ahriman's Gift
2001,87,Kohan: Immortal Sovereigns
2004,81,Kohan II: Kings of War
2001,74,Cossacks: European Wars
2002,71,Post Mortem
2003,66,American Conquest: Fight Back
2002,80,Robin Hood: The Legend of Sherwood
2003,76,American Conquest
2002,74,Cossacks: Art of War
2005,73,Cossacks II: Napoleonic Wars
2006,69,Cossacks II: Battle for Europe
2011,54,Achron
2005,81,Quake IV
2011,62,Trauma
2011,81,Critical Mass
2011,78,Cthulhu Saves the World
2011,79,Dungeons of Dredmor
2011,50,Trapped Dead
2011,67,Operation Flashpoint: Red River
2011,75,Red Faction¬Æ: Armageddon‚Ñ¢
2011,70,Pride of Nations
2011,81,Jamestown
2011,70,Vertex Dispenser
2011,79,Runaway: A Twist of Fate
2011,75,The Next BIG Thing
2011,75,Hector: Badge of Carnage - Full Series
2011,56,Yar's Revenge
2011,80,Capsized
2011,83,Universe Sandbox
2011,68,Mount & Blade: With Fire & Sword
2011,77,Section 8¬Æ: Prejudice‚Ñ¢
2011,63,The Tiny Bang Story
2011,49,Garshasp: The Monster Slayer
2011,64,Hydrophobia: Prophecy
2011,69,Lume
2011,83,Terraria
2011,70,BRINK
2011,69,Duels of the Planeswalkers Gold Deck Bundle
2004,80,Syberia II
2002,82,Syberia
2011,57,Naval Warfare
2011,65,Hearts of Iron III Semper Fi: Dies Irae G√∂tterd√§mmerung
2011,74,Fortix 2
2011,78,NightSky
2011,84,SpaceChem
2011,79,The Settlers 7: Paths to a Kingdom: Deluxe Gold Edition
2011,75,Atom Zombie Smasher
2011,44,Post Apocalyptic Mayhem
2011,79,Revenge of the Titans
2011,88,Assassin‚Äôs Creed¬Æ Brotherhood
2011,76,LEGO¬Æ Star Wars‚Ñ¢ III - The Clone Wars‚Ñ¢
2011,49,Theatre of War 3: Korea
2011,84,Shift 2 Unleashed
2011,65,HOARD
2002,86,Dungeon Siege
2011,70,Cities in Motion
2011,77,Men of War: Assault Squad
2011,55,CreaVures
2011,43,Painkiller Redemption
2011,74,Magicka
2011,71,Europa Universalis III: Divine Wind
2010,82,Bejeweled¬Æ 3
2010,73,RUSH
2010,76,Greed Corp
2010,86,Need For Speed: Hot Pursuit
2003,88,EVE Online
2010,86,Battlefield: Bad Company 2 Vietnam
2010,67,The UnderGarden
2010,64,Alien Breed 3: Descent
2010,71,Poker Night at the Inventory
2007,79,Depths of Peril
2010,78,DeathSpank: Thongs of Virtue
2010,87,Super Meat Boy
2010,69,nail'd
2010,91,Dragon Age: Origins - Ultimate Edition
2010,90,Grand Theft Auto IV: Complete Edition
2010,73,Blood Bowl¬Æ Legendary Edition
2010,73,Bloody Good Time
2010,63,ArcaniA
2010,78,Dead Rising¬Æ 2
2010,77,Lost Horizon
2010,63,Front Mission Evolved
2010,82,Lara Croft and the Guardian of Light
2010,69,Borderlands: Claptrap's Robot Revolution
2004,63,Aura: Fate of the Ages
2010,68,Commander: Conquest of the Americas
2010,59,Alter Ego
1993,66,realMYST
2008,75,Sword of the Stars: Complete Collection
1997,83,Riven: The Sequel to MYST
2010,65,Hearts of Iron III: Semper Fi
2010,75,Prince of Persia: The Forgotten Sands‚Ñ¢
2010,71,Jolly Rover
2010,55,Sniper: Ghost Warrior
2006,61,The Guild II
2007,63,The Guild II - Pirates of the European Seas
2010,79,Puzzle Dimension
2010,61,Rig n Roll
2009,63,Theatre of War 2: Africa 1943
2007,66,Theatre of War
2010,60,Reign: Conflict of Nations
2010,80,Day of Defeat: Source
2010,65,Blacklight: Tango Down
2003,66,Chaser
2010,79,LEGO Harry Potter: Years 1-4
2010,73,Arma 2: Operation Arrowhead
2010,76,Singularity‚Ñ¢
2005,88,F.E.A.R.
2010,79,Tropico 3: Absolute Power
2010,81,Napoleon: Total War‚Ñ¢
2010,86,Borderlands: The Secret Armory of General Knoxx
1999,78,Dawn of Discovery‚Ñ¢: Venice
2010,81,Napoleon: Total War‚Ñ¢ Imperial Edition
2010,87,Battlefield: Bad Company‚Ñ¢ 2
2010,77,Supreme Commander 2
2010,65,Sonic & SEGA All-Stars Racing
2010,62,Silent Hunter 5¬Æ: Battle of the Atlantic
2010,86,Assassin's Creed 2 Deluxe Edition
2010,84,Just Cause 2
2010,85,"Warhammer¬Æ 40,000: Dawn of War¬Æ II Chaos Rising"
2010,84,Shatter
2010,82,Dragon Age‚Ñ¢: Origins Awakening
2010,64,Command & Conquer 4: Tiberian Twilight
2010,75,Dark Fall: Lost Souls
2010,83,Tom Clancy's Splinter Cell Conviction‚Ñ¢ Deluxe Edition
2010,72,Flotilla
2010,75,Sol Survivor
2009,73,Sherlock Holmes versus Jack the Ripper
2010,76,Nancy Drew¬Æ: Warnings at Waverly Academy
2010,57,Dark Void‚Ñ¢
2010,73,Bob Came in Pieces
2010,94,Mass Effect 2
2010,58,Hotel Giant 2
2010,94,Mass Effect 2 Digital Deluxe Edition
2010,80,Toki Tori
2010,68,Aliens vs. Predator‚Ñ¢
2010,88,BioShock¬Æ 2
2010,70,Lost Planet: Extreme Condition Colonies Edition
2010,80,S.T.A.L.K.E.R.: Call of Pripyat
2010,68,Galcon Fusion
2009,89,Left 4 Dead 2
2009,71,Gyromancer
2009,61,Ninja Blade
2009,29,Rogue Warrior
2009,82,King's Bounty: Armored Princess
2003,82,Broken Sword 3 - the Sleeping Dragon
2006,63,Gothic¬Æ 3
2009,79,Altitude
2009,84,Borderlands: The Zombie Island of Dr. Ned
2003,85,Nancy Drew¬Æ: The Haunted Carousel
2005,77,Nancy Drew¬Æ: Last Train to Blue Moon Canyon
2006,70,Nancy Drew¬Æ: Danger by Design
2005,80,Nancy Drew¬Æ: Secret of the Old Clock
2004,81,Nancy Drew¬Æ: Curse of Blackmoor Manor
2003,81,Nancy Drew¬Æ: Danger on Deception Island
2009,80,AI War: Fleet Command
2009,68,Elven Legacy: Ranger
2009,81,Borderlands
2009,76,Operation Flashpoint: Dragon Rising
2009,46,STAR WARS‚Ñ¢: The Clone Wars - Republic Heroes‚Ñ¢
2009,59,Lucidity‚Ñ¢
2009,79,Tropico 3
2009,82,Red Faction Guerrilla Steam Edition
2009,86,Resident Evil‚Ñ¢ 5/ Biohazard 5¬Æ
2009,78,Zuma's Revenge!
1997,91,STAR WARS‚Ñ¢ Jedi Knight: Dark Forces II
2003,89,STAR WARS‚Ñ¢ Jedi Knight II - Jedi Outcast‚Ñ¢
2003,81,STAR WARS‚Ñ¢ Jedi Knight - Jedi Academy‚Ñ¢
2009,49,Twin Sector
2009,72,Majesty 2
2009,79,Madballs in Babo:Invasion
2009,81,AaAaAA!!! - A Reckless Disregard for Gravity
2009,67,Quantz
2000,83,MDK 2
2001,78,Red Faction
2008,61,Sherlock Holmes: The Mystery of the Mummy
2004,68,Sherlock Holmes: The Silver Earring
2008,72,Sherlock Holmes: The Awakened - Remastered Edition
2003,64,Red Faction II
2009,77,Hearts of Iron III
2010,91,Batman: Arkham Asylum Game of the Year Edition
2009,51,Darkest of Days
2009,73,Death to Spies: Moment of Truth
2009,71,Emerald City Confidential‚Ñ¢
2008,63,Mata Hari
2008,68,Nikopol: Secrets of the Immortals
2009,67,East India Company
2005,76,Sniper Elite
2009,69,Order of War‚Ñ¢
2008,NA,"Nancy Drew¬Æ Dossier: Lights, Camera, Curses!"
2009,81,Nancy Drew¬Æ: The Haunting of Castle Malloy
2002,71,STAR WARS‚Ñ¢ Starfighter‚Ñ¢
2005,78,STAR WARS‚Ñ¢ Republic Commando‚Ñ¢
2008,65,Supreme Ruler 2020 Gold
2002,51,Delta Force: Task Force Dagger
2001,74,Comanche 4
2000,74,Delta Force Land Warrior
2004,NA,Delta Force ‚Äî Black Hawk Down: Team Sabre
2003,77,Delta Force: Black Hawk Down
2005,65,Delta Force: Xtreme
2008,62,Chronicles of Mystery: The Scorpio Ritual
2009,NA,Delta Force Xtreme 2
2004,75,Evil Genius
2009,70,SPORE‚Ñ¢ Galactic Adventures
2009,77,Arma 2
2009,80,Trine Enchanted Edition
2009,79,Overlord II
2009,82,Dawn of Discovery‚Ñ¢
2009,NA,Ankh 3: Battle of the Gods
2009,79,Crayon Physics Deluxe
2009,80,Men of War‚Ñ¢
2009,30,Tunnel Rats
2009,72,Killing Floor
2009,63,NecroVision
2009,41,Damnation
2009,64,Restaurant Empire II
2009,74,Battlestations Pacific
2009,61,Velvet Assassin
2009,87,Plants vs. Zombies GOTY Edition
2008,57,Legend - Hand of God
2009,66,Dark Sector
2009,75,And Yet It Moves
2005,55,Judge Dredd: Dredd vs. Death
2009,71,Elven Legacy
2009,70,Company of Heroes: Tales of Valor
2009,65,Flock!
2009,90,Braid
2009,73,Cogs
2009,NA,Raycatcher
2008,NA,Amazing Adventures Around the World
2009,35,Drug Wars
2009,79,The Path
2009,NA,Mevo and The Grooveriders
2007,75,Eschalon: Book I
2008,NA,Spectromancer
2007,51,Hospital Tycoon
2009,43,Perimeter 2: New Earth
2006,80,Tom Clancy's Splinter Cell Double Agent¬Æ
2007,58,Maelstrom: The Battle for Earth Begins
2007,61,Driver¬Æ Parallel Lines
2008,79,Europa Universalis: Rome - Gold Edition
2009,85,"Warhammer 40,000: Dawn of War II"
2009,90,Empire: Total War‚Ñ¢
2008,81,Dangerous High School Girls in Trouble!‚Ñ¢
2009,72,Puzzle Quest: Galactrix
2009,NA,SlamIt Pinball Big Score
2009,68,Tom Clancy's EndWar‚Ñ¢
2009,66,The Last Remnant‚Ñ¢
2009,72,Grand Ages: Rome
2006,83,Hearts of Iron 2 Complete
2009,78,Penumbra: Black Plague Gold Edition
2009,NA,Monster Trucks Nitro
2007,83,Europa Universalis III Complete
2008,91,Fallout 3
2008,NA,Exodus from the Earth
2008,NA,Samantha Swift and the Hidden Roses of Athena
2003,NA,Starscape
2008,72,Mount & Blade
2008,64,Silent Hill Homecoming
2008,NA,"Precipice of Darkness, Episode Two"
2007,83,Mr. Robot
2008,NA,Pyroblazer¬Æ
2008,NA,7 Wonders: Treasures of Seven
2008,89,Left 4 Dead
2008,83,Call of Duty: World at War
2008,78,Bejeweled Twist
2008,NA,Mosby's Confederacy
2008,80,Tomb Raider: Underworld
2005,85,Prince of Persia: The Two Thrones‚Ñ¢
2004,83,Prince of Persia: Warrior Within‚Ñ¢
2003,89,Prince of Persia¬Æ: The Sands of Time
2005,78,Crazy Machines
2008,82,Prince of Persia¬Æ
2005,78,Crazy Machines 1.5
2007,82,Aquaria
2008,65,Need for Speed Undercover
2008,NA,Penguins Arena: Sedna's World
2008,82,Strong Bad's Cool Game for Attractive People: Season 1
2008,89,Mass Effect
2008,NA,SPORE‚Ñ¢ Creepy & Cute Parts Pack
2008,84,SPORE‚Ñ¢
2008,63,Imperium Romanum Gold Edition
2008,NA,Project Aftermath
2008,72,Crazy Machines 2
2006,67,Pacific Storm
2008,65,Insecticide Part 1
2008,69,Jack Keane
2006,74,Sacred Gold
2008,75,Children of the Nile: Enhanced Edition
2002,82,Tom Clancy's Ghost Recon¬Æ Desert Siege‚Ñ¢
2001,80,Tom Clancy's Ghost Recon¬Æ
2002,82,Tom Clancy's Ghost Recon¬Æ Island Thunder‚Ñ¢
2008,NA,Planet Busters
2008,NA,Silverfall: Earth Awakening
2005,58,The Settlers¬Æ: Heritage of Kings
2008,NA,Discovery! A Seek and Find Adventure
2008,NA,TrackMania Nations Forever
2008,79,Assassin's Creed‚Ñ¢: Director's Cut Edition
2008,78,Tom Clancy's Rainbow Six¬Æ Vegas 2
2008,80,Trackmania United Forever Star Edition
2008,74,LUMINES‚Ñ¢
2007,90,Portal
2008,77,Everyday Shooter
2005,66,Cold Fear‚Ñ¢
2006,59,Tom Clancy's Rainbow Six Lockdown‚Ñ¢
2006,77,Heroes of Might & Magic V
2005,87,Brothers in Arms: Road to Hill 30‚Ñ¢
2008,79,Sam & Max 203: Night of the Raving Dead
2008,NA,Sam & Max 205: What&#146;s New Beelzebub?
2008,80,Sam & Max 202: Moai Better Blues
2007,82,Sam & Max 201: Ice Station Santa
2008,82,Sam & Max: Season Two
2008,85,Sam & Max 204: Chariots of the Dogs
2008,NA,"Precipice of Darkness, Episode One"
2008,NA,Trials 2: Second Edition
2008,85,AudioSurf
2006,71,Darkstar One
2007,79,Shadowgrounds Survivor
2008,73,Frontlines‚Ñ¢: Fuel of War‚Ñ¢
2008,67,The Club‚Ñ¢
2006,69,Safecracker: The Ultimate Puzzle Adventure
2007,83,RACE 07
2004,77,Nexus - The Jupiter Incident
2006,70,Full Spectrum Warrior: Ten Hammers
2004,80,Full Spectrum Warrior
2007,86,Civilization IV: Beyond the Sword
2006,93,Company of Heroes - Legacy Edition
2004,80,Gish
2004,87,DOOM 3
2005,78,DOOM 3 Resurrection of Evil
2000,69,QUAKE III: Team Arena
2007,92,Team Fortress 2
2007,90,Half-Life 2: Episode Two
2007,65,Painkiller Overdose
2007,59,Alpha Prime
2007,61,Loki
2007,72,Call of Juarez‚Ñ¢
2007,85,Medieval II: Total War‚Ñ¢ Kingdoms
2007,92,Call of Duty¬Æ 4: Modern Warfare¬Æ
2007,67,Kane and Lynch: Dead Men‚Ñ¢
2007,76,Geometry Wars: Retro Evolved
2003,72,Commandos 3: Destination Berlin
2006,75,Just Cause
2000,73,Hitman: Codename 47
2002,87,Hitman 2: Silent Assassin
2007,76,Battlestations: Midway
2002,87,Commandos 2: Men of Courage
2006,82,Hitman: Blood Money
2004,80,Vampire: The Masquerade - Bloodlines
2007,82,S.T.A.L.K.E.R.: Shadow of Chernobyl
2006,68,Joint Task Force
2004,85,Thief: Deadly Shadows
2000,90,Deus Ex: Game of the Year Edition
2004,80,Deus Ex: Invisible War
2006,69,Rogue Trooper
2005,76,Project: Snowblind
2007,81,Jade Empire‚Ñ¢: Special Edition
2007,62,Silverfall
2007,70,Making History: The Calm & the Storm
2003,74,"Runaway, A Road Adventure"
2007,NA,"Runaway, The Dream of The Turtle"
2003,91,Call of Duty¬Æ
2005,87,Psychonauts
2005,76,GUN‚Ñ¢
2005,86,Call of Duty¬Æ 2
2004,87,Call of Duty: United Offensive
2006,68,Space Empires V
2001,90,Sid Meier's Civilization¬Æ III Complete
2005,67,Shattered Union
2005,94,Sid Meier's Civilization¬Æ IV
2001,84,Sub Command
2005,67,BloodRayne 2
2006,80,RoboBlitz
2006,88,Medieval II: Total War‚Ñ¢
2006,65,Heroes of Annihilated Empires
2017,67,Project Earth
2004,88,Counter-Strike: Source
2004,96,Half-Life 2
2005,88,Sid Meier's Pirates!
2005,84,Darwinia
2005,69,Rag Doll Kung Fu
2005,80,Dungeon Siege II
2006,81,Red Orchestra: Ostfront 41-45
2006,79,Space Empires IV Deluxe
2006,82,Dangerous Waters
2006,73,Earth 2160
2006,74,Shadowgrounds
2006,87,Half-Life 2: Episode One
2006,75,SiN Episodes: Emergence
2005,71,X3: Reunion
2003,72,X2: The Threat
2006,56,Iron Warriors: T - 72 Tank Command
2006,75,Uplink
2006,82,Xpand Rally
2006,72,Dark Messiah of Might & Magic
2000,88,Counter-Strike
2001,81,Gothic 1
2001,71,Half-Life: Blue Shift
2002,88,Mafia
2003,79,Day of Defeat
2004,93,Unreal Tournament 2004: Editor's Choice Edition
2004,65,Counter-Strike: Condition Zero
